grid_cell_id,source_field,baseline_start,baseline_end,baseline_n_years,baseline_mean,baseline_sd,parameter_valid
BJA25K_C+0013_R-0015,mean_temperature_c,2001,2020,20,23.589600085862376,0.4074924578039923,1
BJA25K_C+0013_R-0015,hot_days_35c,2001,2020,20,0.9502081165452653,0.31929701083078443,1
BJA25K_C+0013_R-0015,mean_vpd_kpa,2001,2020,20,1.1269849648064525,0.03475311060759881,1
BJA25K_C+0013_R-0015,annual_precipitation_mm,2001,2020,20,180.2998163186042,71.45940328854412,1
BJA25K_C+0013_R-0015,mean_rootzone_soil_water,2001,2020,20,0.08793304129255222,0.009156614683225971,1
BJA25K_C+0013_R-0015,mean_evi,2001,2020,20,0.17456416355997556,0.016083997133600696,1
BJA25K_C+0013_R-0016,mean_temperature_c,2001,2020,20,23.291946098416204,0.37820951724612833,1
BJA25K_C+0013_R-0016,hot_days_35c,2001,2020,20,27.88732244318182,6.797475857333271,1
BJA25K_C+0013_R-0016,mean_vpd_kpa,2001,2020,20,1.3315251538921584,0.05159355561393836,1
BJA25K_C+0013_R-0016,annual_precipitation_mm,2001,2020,20,252.11556169120104,85.08610168100576,1
BJA25K_C+0013_R-0016,mean_rootzone_soil_water,2001,2020,20,0.10187838032178327,0.008680166200997187,1
BJA25K_C+0013_R-0016,mean_evi,2001,2020,20,0.21431562596018808,0.020775732100313807,1
BJA25K_C+0013_R-0018,mean_temperature_c,2001,2020,20,22.69962052564674,0.44188368667658784,1
BJA25K_C+0013_R-0018,hot_days_35c,2001,2020,20,5.696679104477612,2.5466698069699065,1
BJA25K_C+0013_R-0018,mean_vpd_kpa,2001,2020,20,1.062373857206694,0.04031554119030699,1
BJA25K_C+0013_R-0018,annual_precipitation_mm,2001,2020,20,350.4108964683319,111.12099577271418,1
BJA25K_C+0013_R-0018,mean_rootzone_soil_water,2001,2020,20,0.13281049338681833,0.010818628798212774,1
BJA25K_C+0013_R-0018,mean_evi,2001,2020,20,0.212754337269584,0.022376858274664273,1
BJA25K_C+0014_R-0017,mean_temperature_c,2001,2020,20,22.84572064092298,0.3189082229620195,1
BJA25K_C+0014_R-0017,hot_days_35c,2001,2020,20,18.758754448398577,5.575021411874612,1
BJA25K_C+0014_R-0017,mean_vpd_kpa,2001,2020,20,1.245424445660104,0.06164287350871758,1
BJA25K_C+0014_R-0017,annual_precipitation_mm,2001,2020,20,364.0782523015114,95.08040894637493,1
BJA25K_C+0014_R-0017,mean_rootzone_soil_water,2001,2020,20,0.14606103437715479,0.01008765072400696,1
BJA25K_C+0014_R-0017,mean_evi,2001,2020,20,0.25451941215035656,0.023891829690240125,1
BJA25K_C+0015_R-0018,mean_temperature_c,2001,2020,20,23.46433362409399,0.27202919503544515,1
BJA25K_C+0015_R-0018,hot_days_35c,2001,2020,20,29.806254709871894,8.41895499992505,1
BJA25K_C+0015_R-0018,mean_vpd_kpa,2001,2020,20,1.2752241293287039,0.08043589937203056,1
BJA25K_C+0015_R-0018,annual_precipitation_mm,2001,2020,20,383.6080511120914,109.04128338694626,1
BJA25K_C+0015_R-0018,mean_rootzone_soil_water,2001,2020,20,0.14997811299869093,0.012939196399773466,1
BJA25K_C+0015_R-0018,mean_evi,2001,2020,20,0.23774549391837585,0.022101359139158127,1
BJA25K_C+0016_R-0018,mean_temperature_c,2001,2020,20,24.700449688945703,0.2953603189553148,1
BJA25K_C+0016_R-0018,hot_days_35c,2001,2020,20,12.662972972972973,5.643197667992308,1
BJA25K_C+0016_R-0018,mean_vpd_kpa,2001,2020,20,1.175406163474518,0.06065299967325393,1
BJA25K_C+0016_R-0018,annual_precipitation_mm,2001,2020,20,308.40603474509186,102.72819874030877,1
BJA25K_C+0016_R-0018,mean_rootzone_soil_water,2001,2020,20,0.12171856639793162,0.011610300577489591,1
BJA25K_C+0016_R-0018,mean_evi,2001,2020,20,0.1933683059962071,0.02515573813928806,1
BJA25K_C-0010_R+0013,mean_temperature_c,2001,2020,20,17.183327236518632,0.6862593320772301,1
BJA25K_C-0010_R+0013,hot_days_35c,2001,2020,20,0.0018306636155606408,0.008186976576658268,1
BJA25K_C-0010_R+0013,mean_vpd_kpa,2001,2020,20,0.6273668919203724,0.047701559973616844,1
BJA25K_C-0010_R+0013,annual_precipitation_mm,2001,2020,20,186.51144290845403,60.60846155050589,1
BJA25K_C-0010_R+0013,mean_rootzone_soil_water,2001,2020,20,0.11664349068051465,0.0149627747511184,1
BJA25K_C-0010_R+0013,mean_evi,2001,2020,20,0.13731728604356905,0.025949551779590196,1
BJA25K_C-0011_R+0015,mean_temperature_c,2001,2020,20,17.14022567015407,0.7556510761427245,1
BJA25K_C-0011_R+0015,hot_days_35c,2001,2020,20,0.09206642066420664,0.4117335501005148,1
BJA25K_C-0011_R+0015,mean_vpd_kpa,2001,2020,20,0.5981725793444964,0.06297430323351297,1
BJA25K_C-0011_R+0015,annual_precipitation_mm,2001,2020,20,247.3550062701268,90.48727048443416,1
BJA25K_C-0011_R+0015,mean_rootzone_soil_water,2001,2020,20,0.15539328583402132,0.018619814681196764,1
BJA25K_C-0011_R+0015,mean_evi,2001,2020,20,0.1583986679016467,0.03606830730183525,1
BJA25K_C-0011_R+0016,mean_temperature_c,2001,2020,20,17.25093061745292,0.7092675439787683,1
BJA25K_C-0011_R+0016,hot_days_35c,2001,2020,20,0.7283924843423799,1.0480263102734104,1
BJA25K_C-0011_R+0016,mean_vpd_kpa,2001,2020,20,0.7301792022139486,0.06367112870416787,1
BJA25K_C-0011_R+0016,annual_precipitation_mm,2001,2020,20,259.4812823280737,105.8262813741259,1
BJA25K_C-0011_R+0016,mean_rootzone_soil_water,2001,2020,20,0.1508304302912262,0.01917251377561502,1
BJA25K_C-0011_R+0016,mean_evi,2001,2020,20,0.14521421329652967,0.02762431245818464,1
BJA25K_C-0012_R+0018,mean_temperature_c,2001,2020,20,16.84013633218458,0.7127778404261299,1
BJA25K_C-0012_R+0018,hot_days_35c,2001,2020,20,0.5341216216216216,0.9503469504011386,1
BJA25K_C-0012_R+0018,mean_vpd_kpa,2001,2020,20,0.7312992589344183,0.0796354489636354,1
BJA25K_C-0012_R+0018,annual_precipitation_mm,2001,2020,20,271.17945198894836,109.56091907435206,1
BJA25K_C-0012_R+0018,mean_rootzone_soil_water,2001,2020,20,0.1523987967285414,0.019310237878513003,1
BJA25K_C-0012_R+0018,mean_evi,2001,2020,20,0.18084554604220593,0.031066073484100544,1
BJA25K_C-0012_R+0019,mean_temperature_c,2001,2020,20,16.837064195551342,0.6868606157142852,1
BJA25K_C-0012_R+0019,hot_days_35c,2001,2020,20,1.140607210626186,1.439160829642025,1
BJA25K_C-0012_R+0019,mean_vpd_kpa,2001,2020,20,0.8222746797079162,0.079944074702712,1
BJA25K_C-0012_R+0019,annual_precipitation_mm,2001,2020,20,316.6877485458473,117.78891472372582,1
BJA25K_C-0012_R+0019,mean_rootzone_soil_water,2001,2020,20,0.16219878785676717,0.020362565193594705,1
BJA25K_C-0012_R+0019,mean_evi,2001,2020,20,0.16692310618458234,0.02391595723936865,1
BJA25K_C-0013_R+0019,mean_temperature_c,2001,2020,20,16.499756934391478,0.7650835583215111,1
BJA25K_C-0013_R+0019,hot_days_35c,2001,2020,20,0.028316326530612244,0.09237927521630071,1
BJA25K_C-0013_R+0019,mean_vpd_kpa,2001,2020,20,0.5072959075288453,0.06335059484947898,1
BJA25K_C-0013_R+0019,annual_precipitation_mm,2001,2020,20,314.64464772327983,115.73125944016707,1
BJA25K_C-0013_R+0019,mean_rootzone_soil_water,2001,2020,20,0.16288032163489055,0.021385264311468612,1
BJA25K_C-0013_R+0019,mean_evi,2001,2020,20,0.15076440301108446,0.023932879723330493,1
