grid_cell_id,grid_cell_order,centroid_latitude,centroid_longitude,latitude_band,z_tmean_c,z_tseason_monthly_sd_c,z_precip_annual_mean_mm,z_precip_interannual_cv_pct,z_vpd_mean_kpa,z_soil_water_mean_frac,z_wind_speed_mean_ms,z_wind_monthly_sd_ms,z_evi_mean,z_evi_interannual_cv_pct
BJA25K_C+0013_R-0020,1,23.0758711,-110.2025688,23-24N,0.9237390150572614,-1.1909553517672364,1.7061448200833387,-0.2686274407638542,-0.8062241183381514,-0.23830103227745048,-0.5969639529087964,-0.8118764234961006,1.0509195020377582,-0.3891780059683914
BJA25K_C+0014_R-0020,2,23.0699,-109.9583628,23-24N,0.6743453107210502,-1.3372476741745227,1.9040429764873503,-0.385419966030094,-0.7367678274493793,1.381750191543512,-0.5073308761248871,-0.4412880221828852,2.7863555632099404,-0.5600781943926841
BJA25K_C+0015_R-0020,3,23.0635028,-109.714167,23-24N,1.2136070759379294,-1.0286221788404815,2.3904377401196863,-0.5400201903039997,-0.0595554696010251,0.999932786540099,-1.0391819429431994,-1.14075010642607,1.984341150456173,-0.36313199114511846
BJA25K_C+0016_R-0020,4,23.0566794,-109.4699823,23-24N,1.6683165321813636,-0.7504142288008349,1.688633932559866,-0.7515197649809965,0.39296536780599495,0.31053759203061243,-1.05180111543684,-0.49540773817603556,0.9142821075148229,-0.13514091848615276
BJA25K_C+0013_R-0019,5,23.3007157,-110.1967726,23-24N,0.8081982750566937,-1.1878780835348552,2.5091629772560275,-0.9955643105600559,-0.675558734992853,0.9459674118777599,-0.8055638328917724,-1.5551497741130174,1.4002271628404996,-0.5174567402523806
BJA25K_C+0014_R-0019,6,23.2947229,-109.9521386,23-24N,0.5049072213648388,-1.13327304721106,2.877147258409705,-0.9382860310453166,-0.4723962086405317,2.4573976127136214,-1.2394946917703689,-1.8587186905656734,3.386831014197812,-0.5578517158856644
BJA25K_C+0015_R-0019,7,23.2883023,-109.7075151,23-24N,1.2969433427972243,-0.6009446161398522,2.809943818405927,-0.7743749638739178,0.3554986633697553,2.007143431599234,-1.516220430031319,-1.6069444818268377,2.8032892867516055,-0.5931991321931225
BJA25K_C+0016_R-0019,8,23.2814541,-109.4629028,23-24N,1.4565485825315478,-0.6933512930779472,1.8572387885200994,-0.7923817586771547,0.06410880057052176,0.5971236882225531,-0.840575267945773,-0.38171403471393345,1.9730660216521214,-0.33981645551568684
BJA25K_C+0013_R-0018,9,23.5255433,-110.190919,23-24N,0.7548625584705086,-1.1233700314991915,2.1060772293999803,-1.03630367997124,-0.5611622370313523,0.9822767685117426,-0.6697881547135991,-1.6752177458307247,1.8950254992591553,-0.5521428538181068
BJA25K_C+0014_R-0018,10,23.5195285,-109.9458527,23-24N,0.023912291885354042,-1.0487270474775907,3.172312830131473,-1.396024480393894,-0.500654945640516,3.079667875042903,-1.506732931116478,-1.8646040734132392,3.8138492743132217,-0.6038874404160981
BJA25K_C+0015_R-0018,11,23.5130845,-109.7007972,23-24N,1.0665881949948102,-0.49083471895261493,2.617613204929255,-1.1407308763334087,6.462924685675075e-05,1.1593806271385227,-1.3180058042972762,-1.1674365132074542,2.5117319266994675,-0.539209935969854
BJA25K_C+0016_R-0018,12,23.5062112,-109.4557532,23-24N,1.559630336461253,-0.47517528321489755,1.7224723123285155,-0.8528651874014787,-0.29686508151178315,0.3754566469246174,-0.4970894304315734,0.18970088917040315,1.3028970342909045,0.44681401965517265
BJA25K_C+0012_R-0017,13,23.7559605,-110.4305208,23-24N,0.8077007999383895,-1.0481546526014984,0.3895790731377135,0.7162678014160159,-0.5661496920908836,-0.41770231872337743,0.23770559082308015,-1.0077831761234313,0.7982106092379428,-0.4705796210029694
BJA25K_C+0013_R-0017,14,23.7503546,-110.1850075,23-24N,0.8694749381518339,-0.7421446211286787,1.6099718067220845,-0.8221020576742651,-0.0019294380425079894,0.9496807601467214,-0.7923056781873449,-1.4919092407839374,2.2222871230349304,-0.5375404128070826
BJA25K_C+0014_R-0017,15,23.7443178,-109.9395046,23-24N,0.8205738320922892,-0.549972081611011,2.2766072029535183,-1.4649180499028736,-0.056890228692047726,1.554009462781245,-1.3734852370180257,-1.1944077641881212,2.8559284708100683,-0.5885353703836477
BJA25K_C+0015_R-0017,16,23.73785,-109.6940128,23-24N,0.9763873398197462,-0.5603394804836331,1.9828871562802317,-1.5774979522663253,-0.48683050166903175,0.37484310687299377,-1.0738352339235626,-0.1582678130707275,1.2121339353686034,0.15073342667720546
BJA25K_C+0010_R-0016,17,23.9907325,-110.9169296,23-24N,0.6606529811564915,-1.102005961473718,-0.22346926635880587,1.872468309926128,-0.8753555271992198,-0.0478230838771584,1.1677126932682838,0.0654150430332947,0.40625919561592916,-0.31891802825593407
BJA25K_C+0011_R-0016,18,23.9859712,-110.6709562,23-24N,0.8322526174143035,-0.9202754631243423,-0.037175276812004235,2.2132473297127024,-0.35765340958547337,-0.585061979609687,0.6186178162646474,-0.6215454086894245,0.9421593075261407,-0.5273938315936763
BJA25K_C+0012_R-0016,19,23.9807772,-110.4249919,23-24N,1.1033454174179846,-0.5742203196805751,0.26561650055833297,1.1471680973832903,0.05317021967340111,-0.5012029800728112,-0.08700748884939111,-0.6693119724878049,1.5216091316383447,-0.5513296050848124
BJA25K_C+0013_R-0016,20,23.9751506,-110.1790375,23-24N,0.9923363553584983,-0.4215262858769721,0.9386814198683808,-0.7518283521061354,0.1752114884821435,-0.19358981830455738,-0.6998258138761331,-1.0571794140035258,1.9349390991352287,-0.5790482120806971
BJA25K_C+0014_R-0016,21,23.9690914,-109.9330937,23-24N,1.1863216085899524,-0.3092863336803691,1.2092540776568754,-1.295221291186224,-0.004971047230839832,-0.07746569211567815,-0.8915199197571573,0.1187766850900725,1.198706635194754,-0.05784852919989834
BJA25K_C+0010_R-0015,23,24.2155717,-110.9122379,24-26N,0.9051815444055001,-0.8333405268931249,-0.17067418847530821,1.534376687600882,0.05034894202014978,-0.6143103396509152,0.6053512995769972,0.24567583477706528,0.6577409326777341,-0.49361537264375827
BJA25K_C+0011_R-0015,24,24.2107927,-110.6658185,24-26N,0.9817014444141882,-0.6895336505762317,0.021614964491003006,1.8102187735856177,0.09855957144181704,-0.537557084531373,0.05657970096297053,-0.5178267351438334,0.630761813368681,0.42316921624738435
BJA25K_C+0012_R-0015,25,24.2055794,-110.4194085,24-26N,1.1617791718874109,-0.5961972762707711,0.0688954312953492,1.4839462127974872,-0.015210034008621759,-0.135916937844242,-0.05199630055430924,-0.6131544134284245,-0.31618663062518243,0.6056684566799604
BJA25K_C+0013_R-0015,26,24.199932,-110.1730086,24-26N,1.1100567079380081,-0.5558915968575574,0.13925716394795803,-0.1961462738425219,-0.39553603986729385,-0.4448411722041628,-0.14855989853326132,-0.10629219008377555,0.9936786046210938,4.3344075449567185
BJA25K_C+0014_R-0015,27,24.1938504,-109.9266196,24-26N,1.0024056007363764,-0.551105578703496,0.40423289788064554,-0.9189516004460513,-0.2886732207942963,-0.6128770915589896,-0.22091650909561877,0.011061801394684047,0.09701398607525091,0.31218648623813156
BJA25K_C+0007_R-0014,28,24.4521722,-111.648158,24-26N,0.3145042484266765,-1.0585094124078591,-0.6319844317114768,1.070437555118221,-1.2021392142269691,-0.512012749673605,1.7948775564143757,0.9437047746534781,-0.004283635965331736,0.5050048660624342
BJA25K_C+0008_R-0014,29,24.4486833,-111.4012646,24-26N,0.6100000129379489,-0.9037182188856611,-0.544610320945221,0.8628322885885581,-0.5295729212889371,-0.6326712410487524,1.380507671126243,0.9418680398572092,0.36881449341509864,-0.21167814174104616
BJA25K_C+0009_R-0014,30,24.4447584,-111.1543783,24-26N,0.9162249701447586,-0.7101042059887838,-0.38420477762212,1.0235199912788284,0.2227779511008839,-0.6671636355349151,0.8682351977030911,0.7745424411419165,0.14177637040178678,-0.4723776845723106
BJA25K_C+0010_R-0014,31,24.4403975,-110.9074999,24-26N,1.0498473909754682,-0.6107235575544532,-0.18012109714893146,1.3737685405910678,0.5199527293443956,-0.6481771087486902,0.372104359218727,0.3431173826573678,0.5307930118175256,-0.4899991102059306
BJA25K_C+0011_R-0014,32,24.4356008,-110.6606302,24-26N,1.0832310551454294,-0.610991392697237,-0.046518172133963476,1.5951987187011898,0.17076720443053994,-0.6001256651745682,0.00726964250477617,-0.12113200733480138,-0.3563930053540613,0.9823913572378213
BJA25K_C+0006_R-0013,36,24.680094,-111.8920942,24-26N,0.25938356976200105,-1.0382036430986459,-0.5727903158943678,1.190144237980191,-1.1840064713165217,-0.6349184108027424,1.7883555343193032,0.9766279733980878,0.5896292327944749,0.06695350340503703
BJA25K_C+0007_R-0013,37,24.6770297,-111.644739,24-26N,0.4953511690005459,-0.8784586502310494,-0.6034529093950162,1.0139844079697007,-0.6868230879382563,-0.5292931788023422,1.3671596744806138,0.8744174355198207,0.20598567495199865,-0.407803230588211
BJA25K_C+0008_R-0013,38,24.6735278,-111.3973902,24-26N,0.7720478143563181,-0.6811977458004549,-0.4458564571338997,0.7642209394697186,0.05032335238527945,-0.690160449397413,0.9484948517177166,0.697898940474192,0.18076219799049684,-0.44622492711587164
BJA25K_C+0010_R-0013,39,24.665211,-110.9027152,24-26N,1.0860946900730855,-0.37576549437149687,0.02528065379938674,0.9084294624129747,0.7707801448558531,-0.6199835876697494,0.13743405803738848,0.015603524318001088,0.21862409099159544,-0.5148925109151684
BJA25K_C+0011_R-0013,40,24.6603964,-110.6553907,24-26N,1.1815499047189213,-0.3896095490569889,-0.01375433260037492,1.2584116592450145,0.332483092496707,-0.5670618669742127,-0.1988728204063772,0.17011766184839883,-0.8877600255147478,1.6487439383097404
BJA25K_C+0005_R-0012,41,24.9075882,-112.1369225,24-26N,-0.005520354735780296,-1.2301721765376001,-0.6090866944785803,1.6927604472927467,-1.763203075580526,-0.17660804168121857,2.348355982677935,1.0734449299223079,0.3547345737619998,0.4212424131117891
BJA25K_C+0006_R-0012,42,24.9049518,-111.8891016,24-26N,0.305660930351501,-0.9355362304633548,-0.5399927961858472,1.1808141260722418,-0.9492902140587111,-0.6650665550398085,1.6080868401675532,1.0353477515054639,0.6020701027953971,-0.400857560390697
BJA25K_C+0008_R-0012,43,24.8983609,-111.3934777,24-26N,0.8613039332381406,-0.5420570912807238,-0.2802715948682716,0.6078797673072013,0.4066159287490045,-0.6663035830452423,0.6683530785522036,0.5691014350352588,0.35206414003745984,-0.42280628169530793
BJA25K_C+0010_R-0012,44,24.890013,-110.8978835,24-26N,0.9881933285879912,-0.18933309697844228,0.23313811432318757,0.5366555136611555,0.76711284743323,-0.5573310328807299,-0.21668696805267182,-0.1570444845668387,0.32701232632325977,-0.5346281230890502
BJA25K_C+0011_R-0012,45,24.8851803,-110.6500996,24-26N,1.2663990019802878,-0.19518670089997403,0.049374602256165176,1.0303785254468905,0.3855984268437336,-0.45721695311500016,-0.3029267414152121,1.316289413320011,-0.07644021403025006,4.276302434878212
BJA25K_C+0005_R-0011,46,25.1324457,-112.1343651,24-26N,0.07469376190331516,-1.1032880982083892,-0.5983074313305755,1.3791034206989599,-1.483041813113717,-0.5537687640565448,2.050209943260335,1.070054575697917,0.21468402164033296,-0.20120326797262017
BJA25K_C+0006_R-0011,47,25.1297994,-111.8860795,24-26N,0.3076164776000852,-0.8619962138658048,-0.53498078027486,1.0384847378523212,-0.8317797746630657,-0.6954531451600032,1.4361806519528209,1.0997305831131285,0.8336352495541709,-0.3508353864835642
BJA25K_C+0007_R-0011,48,25.126712,-111.6377997,24-26N,0.6541905219547904,-0.6279528715440449,-0.3948161842587963,0.680957131077783,-0.01609753831334249,-0.6785810625198498,0.8372780589947403,1.0144812327379449,0.8313741545759987,-0.3566941481716083
BJA25K_C+0008_R-0011,49,25.1231837,-111.3895266,24-26N,0.9441186261507151,-0.4472603670811583,-0.13249572268182064,0.5822286159836382,0.607658577180479,-0.6579976406862053,0.4112994841043058,0.5378595303368919,0.45009537837654207,-0.5090124590059194
BJA25K_C+0007_R-0010,50,25.3515385,-111.6342788,24-26N,0.7064497906808199,-0.5806043594185009,-0.2823443083209758,0.5578140478112313,0.16856974499762079,-0.6485780775653256,0.5078182257261914,0.708028592927246,0.6338512356235233,-0.418462652977079
BJA25K_C+0009_R-0010,51,25.3440127,-111.1368025,24-26N,0.8121172146498025,-0.30155114478318956,0.12332311225143096,0.7099797668937153,0.35817907071651717,-0.5821700171776558,-0.13967935798903544,0.021183381265652272,0.48083755127871075,-0.49663941279525403
BJA25K_C+0005_R-0009,52,25.5821337,-112.1291747,24-26N,0.06815926936724757,-1.0574542464584669,-0.6701351036373154,1.1459638150117104,-1.3238271078078436,0.5213336908224171,1.6359597861613902,0.9111738241714926,0.44183286963311624,0.016105637893102785
BJA25K_C+0006_R-0009,53,25.5794672,-111.879946,24-26N,0.3305259361701957,-0.8118963322906012,-0.5413639995825086,0.8717781372880643,-0.5125015734963413,-0.6011534669439419,0.7378261332502692,0.343810752870076,0.35550994166395444,-0.375283799257714
BJA25K_C+0007_R-0009,54,25.5763565,-111.6307233,24-26N,0.7995160732117426,-0.42176079859069543,-0.1328475532811811,0.44996729188907775,0.5403132823994474,-0.6259554508426031,0.0657642172148687,-0.05555606203843557,0.021969896600639367,-0.4753549226480185
BJA25K_C+0008_R-0009,55,25.5728014,-111.3815077,24-26N,0.9662117155417432,-0.12432886447397155,0.10228962965553247,0.572147685886441,0.8899033608455713,-0.6134920135397709,-0.43460256157243154,-0.6933096535296498,0.31187275891450433,-0.4985347296256333
BJA25K_C+0009_R-0009,56,25.5688021,-111.1323001,24-26N,1.0407800251183896,-0.069832392565439,0.10636213790532467,0.7606585457811478,0.6125742919892171,-0.5557770304591791,-0.4049954295523252,-0.16252831850474575,0.04086794247289965,2.0627869667237784
BJA25K_C+0005_R-0008,58,25.8069659,-112.1265412,24-26N,0.3145184868861522,-0.8587639170686495,-0.5301444175813911,1.005419116981862,-0.4991072554744427,-0.5113104252015825,0.633204830858894,0.587348630544335,0.2239330753271927,-0.2566637121237009
BJA25K_C+0006_R-0008,59,25.8042893,-111.876834,24-26N,0.5453270431211382,-0.597952691023468,-0.24384034343914043,0.78140855360736,0.14787429040195527,-0.5778176792353127,0.04985653602513009,-0.2236933695608944,-0.09722672101635499,-0.4389678656496535
BJA25K_C+0007_R-0008,60,25.8011667,-111.6271329,24-26N,0.7138685233249836,-0.21433188586836177,0.21163480250980327,0.21552315326897273,0.8327510768575425,-0.5520136929102535,-0.4417153184950632,-0.8999829363793675,0.20962965867664332,-0.5265506411371325
BJA25K_C+0008_R-0008,61,25.7975981,-111.3774391,24-26N,0.7991006345988757,-0.04234050124651111,0.20417938174203407,0.33056215506856745,0.6782526030156825,-0.40173663390725317,-0.6355424443892626,-0.4181901662233629,0.5943715644661057,0.2015181886394939
BJA25K_C+0009_R-0008,62,25.7935835,-111.1277535,24-26N,1.2027235822612259,0.06095857103604655,-0.012336734565118723,0.9263972948718364,0.48502957368781335,-0.5665481981571647,-0.3366290781521836,0.7774458160701356,-1.047397158471375,0.5353752217045219
BJA25K_C+0004_R-0007,63,26.0340305,-112.3740778,26-28N,0.5437849201964001,-0.6556132780317943,-0.5010870795143139,0.9015883559158556,0.09765104198760319,-0.3514067005338995,0.3381309290706403,0.6229555875169781,-0.11597173353039958,-0.08595295558584566
BJA25K_C+0006_R-0007,64,26.0291046,-111.8736914,26-28N,0.6435527748576227,-0.23563708834797426,0.03856528126408208,0.5871313184558211,0.7710150485641598,-0.572070458442698,-0.5132307415652217,-0.33796051536849236,-0.17848757652936373,-0.4778753123858099
BJA25K_C+0008_R-0007,65,26.0223878,-111.3733306,26-28N,1.0736846463381817,0.16219086624883383,0.20846447963026174,0.3458785767530805,0.494529418903348,-0.5050578103300256,-0.4872152741155782,0.890539096756437,0.14938253735322152,1.6196914471481398
BJA25K_C+0003_R-0006,66,26.260657,-112.6225691,26-28N,0.3688760769433573,-0.6787089532109927,-0.6588023061253522,0.5564861099755817,-0.02085965114222887,-0.7043346602370011,0.8153829679091015,0.9768846031616888,-0.6955039278993861,-0.33183870113446823
BJA25K_C+0004_R-0006,67,26.2588588,-112.3718805,26-28N,0.6041315395521621,-0.39765739233885816,-0.34184302873691896,0.4786125136921509,0.6026665385103187,-0.604925714060119,0.06076417600209669,0.21088018886003396,-0.3048920253786839,0.3409310389755552
BJA25K_C+0005_R-0006,68,26.2566111,-112.1211966,26-28N,0.7370978881449667,-0.12174526267622973,0.03686997781664743,0.48397876256028505,0.9073806002303489,-0.5539032640515035,-0.5446792622849285,-0.5389753901967959,-0.2016819337603254,-0.4605560722770246
BJA25K_C+0006_R-0006,69,26.253914,-111.8705181,26-28N,0.9087827042522447,0.27019571127505626,0.2875449807347635,0.33025616392528895,1.2373135511698852,-0.4957519949041976,-0.8429738016114088,-0.699212133509019,0.13531511606865443,-0.5456823056606612
BJA25K_C+0007_R-0006,70,26.2507674,-111.6198462,26-28N,1.0697318269185567,0.4899229383827745,0.09818419862340158,0.22567356742317618,1.3546458172811418,-0.622772329145794,-0.8389928415855232,-0.5929442560534277,0.6657759395402839,-0.5040799676432737
BJA25K_C+0008_R-0006,71,26.2471714,-111.3691819,26-28N,1.3187851361674747,0.3990883087489549,-0.014263959627002876,0.5124432499016738,0.7524493028343766,-0.5134642470940706,-0.3666242879058014,1.3479460780002863,0.011648381224744486,1.349857254861315
BJA25K_C+0003_R-0005,72,26.4854873,-112.6208432,26-28N,0.4562003642831457,-0.39753829738704377,-0.4958936545661072,0.3401339535933548,0.4443277001405821,-0.6232204677054295,0.3926158222668983,0.2344130557859213,-0.6785761828446717,-0.45978323145566086
BJA25K_C+0005_R-0005,73,26.4814259,-112.1184849,26-28N,0.42542391119591333,0.29900252987822235,0.8022519856211047,0.02170879260898015,1.0390974798125596,0.770690338553499,-1.1525633670585613,-1.5934386910701042,0.6085964998394946,-0.5424405278722392
BJA25K_C+0006_R-0005,74,26.4787183,-111.8673137,26-28N,0.9009559318481056,0.6384152320204489,0.9465850132166693,-0.20981915037208912,1.255867323061278,0.2746024690735201,-1.1926523101386368,-1.2367699551245523,0.43581444018333015,-0.1364289048746811
BJA25K_C+0007_R-0005,75,26.4755596,-111.6161492,26-28N,1.3658310963999012,0.7579580513509385,-0.000893495402245467,0.41036220769758175,1.1889011473437137,-0.5456004526834493,-0.6440964816311228,0.5933361594977575,0.09636838017613492,0.45396186631199026
BJA25K_C+0008_R-0005,76,26.4719497,-111.3649925,26-28N,1.4154518756450183,0.5519803264760023,-0.26480817534827916,0.8058467070828013,0.7015094679234445,-0.250219547500815,-0.14128641610445072,2.014708691677489,-0.884638231305612,3.339391021557749
BJA25K_C-0001_R-0004,77,26.7130319,-113.6258438,26-28N,0.24091897940336016,-0.6878344123342329,-1.214820664440212,0.8403713366012281,-0.024325389859800838,-0.3301068705686223,1.6652960888072112,0.3317864970632757,-1.25686295841364,-0.014256153097132108
BJA25K_C+0001_R-0004,79,26.7125788,-113.122469,26-28N,0.4692445331449237,-0.477631461806023,-1.0645407241857447,0.5143398209197234,0.06863593212000456,-0.4877668999644774,1.031990028373391,-0.03128275738931515,-1.2398602764729318,1.3462350008829405
BJA25K_C+0005_R-0004,80,26.7062365,-112.1157466,26-28N,0.8330205763451863,0.784890846283134,1.2186791562079273,-0.4322709168486264,1.3605963983023588,0.7021403860256779,-1.482860775536823,-1.4934500976457488,0.6898010780382687,-0.5558633775531616
BJA25K_C+0006_R-0004,81,26.7035185,-111.8640779,26-28N,1.3690550173055471,0.9955571613295522,0.40141237903948435,0.19090021419099365,1.4229534275519953,-0.4320634863277103,-0.9838971562834611,-0.5724284551535318,-0.13791812967403552,2.1401026100599787
BJA25K_C+0000_R-0003,82,26.9378657,-113.3739047,26-28N,0.36794404683468873,-0.1619604960510114,-1.0865627230342512,0.6214658182147328,0.32741387593282517,-0.9089845526368903,1.3869058529887606,0.5279816385633311,-1.2509370037055436,-0.42382837527738887
BJA25K_C+0004_R-0003,84,26.9333178,-112.3651587,26-28N,0.1075347186136198,0.5527374761164534,1.11831190269034,-0.7930495717496425,0.8225244742643645,2.1107425835940243,-1.3730171116752052,-1.3369444591759314,1.4668155683814748,-0.5851661446070888
BJA25K_C+0005_R-0003,85,26.9310439,-112.1129816,26-28N,0.9617583721623737,0.8765567174008682,0.5751001701677549,-0.15458085801969687,0.9873438609710996,-0.06012049434974563,-1.132410158860925,-0.698371697501742,0.07970173254177872,-0.04474640435955973
BJA25K_C+0006_R-0003,86,26.9283153,-111.8608104,26-28N,1.3872195789280086,0.9457875607800594,0.029211944993083803,0.48624012393531907,1.0751733445083504,0.250473901230967,-0.6637243759449244,-0.2926308738187488,-0.7078914277246409,6.454841167010279
BJA25K_C-0004_R-0002,87,27.1599579,-114.3844365,26-28N,-0.6834388936989694,-1.34174601992013,-1.182104655708224,0.7187074442237092,-1.360680360044146,-0.8007035030155109,1.9348648728895648,0.07243376341391271,-1.3222514302694015,-0.20812416299807326
BJA25K_C+0000_R-0002,89,27.1626973,-113.3736508,26-28N,0.07904145614565337,-0.10681239034614624,-1.0257880370272257,0.200506654286791,0.10538291685764489,-0.8572798525213617,1.4675411772640898,1.1394774947448123,-0.9069869972558637,-0.4419185611231173
BJA25K_C+0001_R-0002,90,27.1622407,-113.120953,26-28N,0.47786650688885884,0.15669097409902635,-0.9235390488713404,-0.2317288397624325,0.7283045653529985,-0.7791726266439718,0.88340415329894,0.5231110129329338,-1.0050967820748284,-0.44195480913770613
BJA25K_C+0002_R-0002,91,27.1613276,-112.8682569,26-28N,0.6353106102110384,0.5018029613838075,-0.5916806660644636,-0.30819946615182053,1.189187957259297,-0.7096293516319906,-0.147753972436165,-0.25485006255208004,-0.4103295396246621,-0.5454712206736847
BJA25K_C+0004_R-0002,92,27.1581316,-112.362874,26-28N,0.6640946662136947,0.8694992476970097,0.5354234565993823,-0.4362509962823471,1.0904980529707222,-0.11813944542371942,-1.153109337826034,-0.870813487641703,0.6677286854627666,-0.5403549869863258
BJA25K_C+0005_R-0002,93,27.1558489,-112.1101895,26-28N,1.0273196114153322,0.7474402897091172,-0.12735239803660817,0.5545784826545398,0.4028747353133269,-0.57463495130699,-0.5231833186010204,0.8856417952027731,-0.47285812543315203,0.8402332556240657
BJA25K_C-0004_R-0001,95,27.3847775,-114.3862309,26-28N,-0.812529757419907,-1.1685099859787655,-1.1921266187184512,0.8570757802828906,-1.201351932890187,-0.8473597659271537,1.553538475291601,0.020710019614585243,-1.189981018271857,-0.39680371773746714
BJA25K_C-0003_R-0001,96,27.3861526,-114.1330249,26-28N,-0.4892613609771272,-0.8197221844139997,-1.2421627914544175,1.2198775988148172,-0.764204287110928,-0.74616935178048,1.398081465683006,0.33684338634433886,-1.3325634539663544,0.2038466323600707
BJA25K_C-0002_R-0001,97,27.3870693,-113.8798161,26-28N,-0.23553968489390256,-0.5968331492626662,-1.2596135660761414,0.9563284897149182,-0.6296352554627817,-0.8242192280341071,1.461139800961731,0.8599593950586251,-1.1939982159112972,0.6707837294544408
BJA25K_C+0000_R-0001,98,27.3875276,-113.3733945,26-28N,-0.11548026904551738,-0.2813428843240737,-1.0191443129836564,-0.08523945376777771,-0.21099619825252391,-0.8049939228802578,1.2675654757814432,1.6375222048420293,-0.6697520310388444,-0.39978816972476655
BJA25K_C+0001_R-0001,99,27.3870693,-113.1201839,26-28N,0.11472394598274534,0.11379818303500078,-0.6565751029048833,-0.3830859111691325,0.42904722113070265,-0.7000419810581473,0.7706587347996462,0.8665542599664918,-0.28905613756028053,-0.5081819163718618
BJA25K_C+0002_R-0001,100,27.3861526,-112.8669751,26-28N,0.3095801855411023,0.6116493504828681,-0.49826375866789685,-0.23690097863671855,0.9805391191681405,-0.7287215741971083,-0.19226144749454152,0.013113982825621158,-0.15748947361588644,-0.5213223286922242
BJA25K_C+0003_R-0001,101,27.3847775,-112.6137691,26-28N,0.6252174381286713,0.9041792201722906,-0.3287186382073821,0.04029589792383422,1.2716042764859863,-0.7015794390311364,-0.7797516776010808,-0.4724082052147454,-0.1518058357795909,-0.4906053734107465
BJA25K_C+0004_R-0001,102,27.3829441,-112.360567,26-28N,0.6548133354640614,0.8281035073686357,-0.1898126106301083,0.3296480418525007,0.8048843287117484,-0.6118406768017783,-0.5693875983015332,-0.32205252762377806,-0.23872380513655242,0.4362884250322164
BJA25K_C-0006_R+0000,103,27.6054552,-114.895477,26-28N,-1.220852420204027,-1.8991241028212245,-1.076520534533226,-0.31155374222807847,-2.262263274348618,-0.6681992340877353,2.472774720785098,-0.23955676714817045,-1.4671921617906343,0.22109187704946598
BJA25K_C-0005_R+0000,104,27.607756,-114.6417626,26-28N,-1.1792126657184423,-1.5799975638140045,-1.154127649207418,0.3027507950787848,-1.8545475602919146,-0.7363461674355626,1.731301151253493,-0.22383069361382257,-0.8973785186883306,-0.3011364113484266
BJA25K_C-0004_R+0000,105,27.6095966,-114.3880429,26-28N,-0.8855502257753274,-1.270527939141097,-1.2353050648438222,0.9112683948913816,-1.4124222261093557,-0.7931680154908726,1.6398251794737346,0.4553927576122381,-1.1913882411867416,-0.5142531773392722
BJA25K_C-0001_R+0000,107,27.6123575,-113.6268644,26-28N,-0.38462517042009664,-0.6335621372786243,-1.185707415288825,0.3202986394039773,-0.7580649630013534,-0.8279199490884115,1.5142871069063606,2.175915375155506,-0.7555601137756656,-0.3774930814708893
BJA25K_C+0000_R+0000,108,27.6123575,-113.3731356,26-28N,-0.21810925208994278,-0.3642091645403243,-0.877252915296328,0.052852357430680265,-0.23636286165611345,-0.7111620965781492,0.5807296029631944,1.3652915856016554,-0.5232425995054337,-0.46484212164992084
BJA25K_C+0001_R+0000,109,27.6118974,-113.1194073,26-28N,-0.26136288982364136,0.06451482864382843,-0.20055441117152992,-0.33218026134184325,0.24252362961105697,-0.5615766067583862,0.08498875571597383,0.8710851202396689,0.04455957726287055,-0.47948287902517484
BJA25K_C-0006_R+0001,110,27.8302583,-114.8983519,26-28N,-1.2119760136411177,-1.9289372135582818,-1.0967217063332932,-0.32284764423437956,-2.2739558245119893,-0.21164197838164014,2.6024188138507665,-0.15177916655495718,-1.2848212880893024,0.0951758075898305
BJA25K_C-0003_R+0001,112,27.8358019,-114.1356263,26-28N,-0.8338849978583919,-1.4605028441811736,-1.220979990718033,0.41238691360164764,-1.7209078898095105,-0.2842276309391217,2.7571196698168223,2.3792452554156096,-1.7468774828686489,1.277140798810043
BJA25K_C-0002_R+0001,113,27.8367259,-113.8813769,26-28N,-0.582091081394604,-1.0366035809634304,-1.1869318298869245,0.5179155868628266,-1.2029139314220296,-0.6105383187751694,2.255737463664724,2.9346479381245585,-1.0928164395607072,0.062066768969558976
BJA25K_C-0001_R+0001,114,27.8371879,-113.6271258,26-28N,-0.38310878723180003,-0.5456401972316351,-1.0831253345422156,0.25770679040331895,-0.5708204561296111,-0.7428565654565011,1.2079891325280707,2.3742734805296375,-0.7224576422179583,-0.41193053357865517
BJA25K_C-0003_R+0002,115,28.0606281,-114.1369461,28-30N,-0.7648034204452866,-1.362895080253141,-1.1855928550556172,0.28681899080351436,-1.488759075086102,-0.6756624328559381,2.153326094685306,2.204489612757517,-1.4700444011714282,0.6558785775459561
BJA25K_C-0002_R+0002,116,28.0615557,-113.8821689,28-30N,-0.5585294794163133,-0.9078715153873528,-1.0888087234336485,0.4645254483113934,-0.9213046103971738,-0.7161172884287574,1.554313560769705,2.0761856628958717,-0.840692070551767,-0.41351491221771747
BJA25K_C+0000_R+0002,117,28.0620195,-113.3726102,28-30N,-0.034255546650656714,0.2702705994651332,-0.7844493308933785,0.5076579906002855,0.5122881869840918,-0.7221748212193406,-0.07551812589203859,0.22632696830955817,-0.4864975463051262,-0.5451454694496651
BJA25K_C-0003_R+0003,118,28.2854563,-114.1382788,28-30N,-0.6347250752808719,-1.207016819032517,-1.1321562881397533,0.20997881604059385,-1.1995880882487482,-0.22389355206578299,1.287520686353079,1.281091171512784,-0.9456410636935572,0.77206816295313
BJA25K_C-0002_R+0003,119,28.2863876,-113.8829685,28-30N,-0.5076677173574716,-0.7120058612341148,-0.8208074708702656,0.13397655018892532,-0.6719822021630733,-0.5700533900011312,0.6684650797158694,0.33357248971550874,-0.5804616104349756,-0.47796194497591743
BJA25K_C+0001_R+0003,120,28.2863876,-113.1170315,28-30N,0.24946301191716544,0.9669612101806088,-0.5201323599904852,1.4113643769052198,1.0494389171566556,-0.7207165542817916,-0.38298380410521377,-0.4161882832581819,0.12411444281585435,-0.5275860967193375
BJA25K_C+0002_R+0003,121,28.2854563,-112.8617212,28-30N,0.5799289217037471,0.7753495895088319,-0.6605890176932877,2.0265200051031127,0.3259376789814497,-0.5859669865029825,0.1565013450847684,0.757999867182863,-0.1806673336441095,1.5394623929023752
BJA25K_C-0003_R+0004,122,28.5102875,-114.1396246,28-30N,-0.8205698892718276,-1.184836771460106,-0.8273597413570893,-0.7212286231506592,-1.400502070892016,-0.5440710102105393,0.2875005723765026,-0.757129430377679,-0.9606268171581221,1.9690898191288657
BJA25K_C-0002_R+0004,123,28.5112226,-113.883776,28-30N,-0.6337884832903723,-0.4784265714127315,-0.46785643269385996,-0.27693033195871447,-0.6543954924029144,-0.5213840047759233,-0.0778274759115137,-0.9071748246294381,-0.443713089975248,-0.4548837066844427
BJA25K_C+0001_R+0004,124,28.5112226,-113.116224,28-30N,0.9838096526283265,1.2297990399590966,-0.6849923515964184,2.089832070361813,1.303835042603101,-0.6938208672166578,-0.7801486285713064,-0.3192410974283745,-0.5302028104302193,0.9451541563761325
BJA25K_C+0002_R+0004,125,28.5102875,-112.8603754,28-30N,0.6878704149038646,0.7417011165945856,-0.7327420594216623,2.229951585983351,0.16502722971477518,-0.529544134756778,0.1567681553123448,1.1552599451108705,-1.0676152509283143,1.721970822337986
BJA25K_C-0004_R+0005,126,28.7337144,-114.3973725,28-30N,-1.154239906308868,-1.4373776525807225,-0.5635132753548268,-1.6197969056266994,-1.7114602665503025,-0.3195528376711663,0.7322745061017575,-0.07536842636929883,-1.073887815285409,1.6132850628850732
BJA25K_C-0003_R+0005,127,28.7351226,-114.1409835,28-30N,-1.0149483563876456,-1.1561686140879497,-0.683798496589226,-1.3425651960781564,-1.384179013783529,-0.4621480827618585,0.29391141606316573,-0.26736975281597664,-0.8354070033914004,-0.5466935043190885
BJA25K_C-0002_R+0005,128,28.7360614,-113.8845914,28-30N,-0.5324741168080189,-0.13745344704227552,-0.6483428759940006,-0.3818980190530865,-0.2953419678899275,-0.5996240209490951,-0.3783812866453295,0.25173684423217796,-0.5475413866897547,-0.5263392128243607
BJA25K_C-0001_R+0005,129,28.7365308,-113.6281974,28-30N,-0.33020003041976975,0.6131617774606484,-0.47818747463780076,0.26617842196317754,0.5198331168649183,-0.627795392658387,-0.6458220954385153,0.24535029709462086,-0.028955210477675155,-0.505668564697129
BJA25K_C+0000_R+0005,130,28.7365308,-113.3718026,28-30N,0.6460154323565478,1.0299508870483711,-0.7282443866548289,1.3281173373342305,1.1946518949000164,-0.6799708343015745,-0.9582650915688438,-0.6216252061885562,-0.7062237490277226,-0.08549146143537541
BJA25K_C-0005_R+0006,131,28.9566634,-114.6562267,28-30N,-1.0509986004054435,-1.4298573991816645,-0.6031235279954212,-1.1311194888783405,-1.5894733030403112,0.2865132267771245,0.893275083042554,-0.2636723818571002,-1.1122426465205302,3.6790377050862078
BJA25K_C-0004_R+0006,132,28.9585485,-114.3992935,28-30N,-0.9891440217344579,-0.9846032712409128,-0.6260651411373908,-0.9171565134660199,-1.0467259198059387,-0.3587622210980251,0.518909973492338,-0.6322088142427876,-0.6507357867222607,-0.42111541648038925
BJA25K_C-0003_R+0006,133,28.9599624,-114.1423558,28-30N,-0.8094213206613713,-0.32713139997589885,-0.742398846181525,-0.8425786256661264,-0.4929303287925303,-0.5903058552244962,0.13104487688852798,-0.5594149643865232,-0.49360090356672126,-0.5064795227059553
BJA25K_C-0002_R+0006,134,28.960905,-113.8854148,28-30N,-0.29000832256400483,0.46065487931901106,-0.8753517478033931,-0.13503766126495265,0.3352818522429086,-0.7015118003762525,-0.01983341393666341,0.7049265414846465,-0.7828837205181274,-0.48332372316467
BJA25K_C-0001_R+0006,135,28.9613763,-113.6284718,28-30N,0.028508946497014232,0.8003737297499318,-0.9193975353063342,0.7481157770129566,0.7242852253013647,-0.7222498548175719,0.07826249244013453,1.0861843196526415,-0.8142245491912632,-0.29723737587244614
BJA25K_C+0000_R+0006,136,28.9613763,-113.3715282,28-30N,0.6741996192009941,0.7152403679739836,-1.0189062025344375,2.339920455685862,0.38073358593722284,-0.2576752760574409,0.12130096979741037,-0.23684271710097995,-1.4108440537840234,1.2462197038913638
BJA25K_C-0005_R+0007,138,29.1814954,-114.6587207,28-30N,-1.0555904618967378,-1.0164230608577955,-0.5805769769367355,-0.8425650363373717,-1.1964170465643909,-0.15478977581735326,0.34301646774769695,-0.6953463743352182,-0.629182295674648,-0.359474965735253
BJA25K_C-0003_R+0007,139,29.1848078,-114.1437415,28-30N,-0.4914498382079634,0.7292281088826231,-0.5568728571530464,-0.3977325468448772,0.46328778783178104,-0.5930251222728106,-0.19564040652782166,-0.6385370039732213,-0.35396564468279473,-0.49622098348035404
BJA25K_C-0001_R+0007,140,29.1862274,-113.628749,28-30N,0.7645289821769838,1.450336591676126,-1.0236136970062422,1.490331348264456,1.7431700317798953,-0.9099503620466299,0.06478926482727426,-0.28471980574379424,-1.3964714838973833,2.96173031755529
BJA25K_C-0006_R+0008,141,29.4039582,-114.9192797,28-30N,-0.9462638702589243,-0.9349426256852184,-0.5274199330847512,-0.8725621457544368,-0.9643857454700946,-0.18370758643496757,0.54556723448726,-0.40333403707385457,-0.6012885444168626,-0.4249112470605074
BJA25K_C-0004_R+0008,142,29.4082342,-114.4031923,28-30N,-0.6265760359240304,0.8323988883957608,-0.4934938372632287,-0.34933206501091385,0.423542069653941,-0.5414860240673092,-0.43714148289493643,-0.3953416120171748,-0.6469904903892726,-0.41784312561679793
BJA25K_C-0003_R+0008,143,29.4096596,-114.1451408,28-30N,0.06069691123990764,1.3175161642587447,-0.5442131063821062,0.34115216724301956,0.8984159291456043,-0.6439731373856689,-0.33770579793341515,-0.5142167053540166,-0.6818475172444569,-0.49259816530823325
BJA25K_C-0006_R+0009,144,29.628794,-114.9223877,28-30N,-0.6359841072861349,0.2161463653356791,-0.6181582658573689,-1.006368140734218,0.1682136228149621,-0.543202362066043,0.0766705440986134,-0.3762904330778099,-0.5242371830114168,-0.4270002704342736
BJA25K_C-0005_R+0009,145,29.6311793,-114.6637822,28-30N,-0.5532867842534047,0.884059591284443,-0.6366490127810623,-0.5924514129906648,0.5392410384052747,-0.5897362780877191,-0.12866698393237028,0.22069730814012287,-0.48259094279077525,-0.4612463329928052
BJA25K_C-0004_R+0009,146,29.6330875,-114.4051704,28-30N,-0.11788683875507963,1.182664741521013,-0.7741452294631014,0.6839933233347217,0.8910519390086551,-0.7189133153527114,-0.1543191949181866,0.4727051092698821,-0.8192063245829332,-0.4979609409622341
BJA25K_C-0003_R+0009,147,29.6345187,-114.1465538,28-30N,0.49508344690891964,1.2386971360781704,-0.9009494924914094,1.666980620087001,0.8147935548701862,-0.7489196796133305,-0.059361514337044674,-0.04131335059767315,-1.1783608382223103,0.040064346072454925
BJA25K_C-0009_R+0010,148,29.8435794,-115.7030013,28-30N,-1.4946312313823076,-1.1720416519600891,-0.5649088256766893,-1.0647929071142601,-1.7639063943035613,-0.23244971322562405,1.5366713954722848,1.722796729480679,-0.40603568334223716,-0.24785716784208386
BJA25K_C-0007_R+0010,149,29.8507639,-115.1846943,28-30N,-0.896003898525179,0.18404671127001818,-0.46209323154196735,-1.2853246914955425,-0.09867493226922235,-0.44108883574133223,0.3937248472085132,0.8679513630439725,-0.6186016762607317,-0.4238222715946091
BJA25K_C-0006_R+0010,150,29.8536379,-114.9255262,28-30N,-0.6229494309145985,0.792504234808626,-0.6015746786060285,-1.0494401061765228,0.496331821844771,-0.5314929355881806,0.2771056322562735,0.8970556749448481,-0.6820081823462575,-0.48217328634567014
BJA25K_C-0005_R+0010,151,29.8560329,-114.6663503,28-30N,-0.32779533455780907,1.1461123538061466,-0.7451185959403207,0.4441832152487186,0.8946443897590929,-0.6360286181177184,0.29060483056030345,1.401813902676003,-0.5856178430373757,-0.5681848488102916
BJA25K_C-0004_R+0010,152,29.8579489,-114.407168,28-30N,0.33939558944871506,1.2338657120418282,-0.888670473109157,1.550500233165945,0.9602717561340802,-0.42100847706036876,0.5172666944827521,0.9341312629212082,-1.35338714115024,1.2396083829223052
BJA25K_C-0009_R+0011,153,30.0683906,-115.7078975,30-32N,-1.5242487394027822,-1.0425832063657736,-0.13838261487088602,-1.2784361977444318,-1.7186785557316444,0.9848067093477281,1.2754752346101237,1.7336073050555063,-0.07534018886988525,-0.09960821873423123
BJA25K_C-0008_R+0011,154,30.0722381,-115.4481739,30-32N,-1.2394999964262203,-0.2560705739949649,-0.32704071295083614,-1.0214440155145383,-0.7891431867258281,-0.24857567979954628,0.5642494942902679,1.269452984599424,-0.46506475414580295,-0.4122927783413021
BJA25K_C-0006_R+0011,156,30.0784905,-114.9286954,30-32N,-0.5493999444094709,1.1404864926823002,-0.6661425775267672,-0.5846545156325703,0.7816363229938639,-0.6050886503903499,0.30426159473000974,1.2534445226257593,-0.8655193978237522,-0.5422953575290357
BJA25K_C-0005_R+0011,157,30.0808954,-114.6689435,30-32N,0.2331698964411356,1.4184935118052462,-0.8879464601669074,1.3278978007196955,1.380953481257954,-0.7367844141430643,0.2736464676581305,0.6940933176103222,-1.1572122760982997,0.11619241439188487
BJA25K_C-0009_R+0012,159,30.2932112,-115.7128418,30-32N,-1.477843260285791,-0.623846205170011,0.0526306998557244,-1.119082897464839,-1.3973288682958265,0.7448611158947741,0.726308718827912,1.2744068935903379,-0.0420563071330899,-0.3504027856149686
BJA25K_C-0008_R+0012,160,30.2970746,-115.4525371,30-32N,-1.2719115577992801,0.3341696996557504,0.014217531879548414,-1.0060712771279436,-0.3980026540065763,-0.12883522169603578,-0.0429600032969757,0.3349113442427959,-0.3542190256216381,-0.4386108553711457
BJA25K_C-0007_R+0012,161,30.3004552,-115.1922213,30-32N,-0.9661919035386907,1.0920525084489978,-0.2578789359705728,-1.1023117816062158,0.466229724401586,-0.3773190563927573,-0.2370443783401422,0.030668731656706336,-0.31916767341765984,-0.5326752656447462
BJA25K_C-0005_R+0012,162,30.3057677,-114.6715623,30-32N,0.6095946548072614,1.5533941959253772,-0.9152718365908686,1.7219044239210795,1.477164301074702,-0.7485724439059038,-0.23195260695240152,-0.5808652124877749,-1.1777925269256413,-0.13637204408354991
BJA25K_C-0010_R+0013,163,30.5136779,-115.9787134,30-32N,-1.5312705688051287,-1.1156162097407076,0.19972050437644553,-1.100384304100863,-1.8267302886333459,0.5436603706143279,1.1915580137361383,1.831117570620283,0.15184222856210378,1.6695306930122225
BJA25K_C-0009_R+0013,164,30.518042,-115.7178347,30-32N,-1.4322321025670153,-0.23540481561388996,0.21491553418397846,-0.9677334787846257,-1.041597254190051,1.13516752956159,0.14902456292100047,0.64563645048407,0.0037962206749917148,-0.40501535997695726
BJA25K_C-0007_R+0013,165,30.5253161,-115.1960403,30-32N,-1.06003654640586,1.5448040586284666,-0.030926501840264034,-1.047346575889421,0.7870497112029057,0.6747493161134882,-1.0307479647791598,-1.3275328275171638,0.1850591105194319,-0.5848077333972331
BJA25K_C-0006_R+0013,166,30.5282258,-114.9351277,30-32N,0.17651561092389623,1.9372536337924313,-0.5748594215230022,-0.150687265844873,1.8357081372852708,-0.6436525508586145,-1.063553341929549,-1.2148600225125303,-0.7254169464097704,-0.4865576896914324
BJA25K_C-0005_R+0013,167,30.5306507,-114.6742067,30-32N,0.8066875943697014,1.4978393309995754,-0.9048480209569736,1.8110224083188995,1.3011342820923917,-0.5665311456429805,-0.5914055033099898,0.4165075956296802,-1.1135483507279382,-0.1401005283695271
BJA25K_C-0010_R+0014,168,30.7385016,-115.9843477,30-32N,-1.505800311387244,-0.8493055306221318,0.759536602589994,-1.0532047265439612,-1.5748811818245048,1.7776829185857879,0.4564375701428116,1.6349682027303514,0.35611564409683033,-0.29787864249817975
BJA25K_C-0009_R+0014,169,30.742884,-115.7228767,30-32N,-1.3526385496269298,0.3080833135321655,0.6537425580794092,-1.059413381279993,-0.4878647620768561,1.4440108819986437,-0.7025700187117228,-0.3597328458245821,-0.004003816229378572,-0.4305603807022565
BJA25K_C-0007_R+0014,170,30.7501883,-115.199897,30-32N,-0.9213328298461048,1.7985909773727458,0.14391776582386248,-1.0841527493598966,1.0993698619889793,0.6711335331120285,-1.5162307016451153,-1.7071278454916763,-0.08012254049807334,-0.5551252505201788
BJA25K_C-0011_R+0015,171,30.9584476,-116.2520915,30-32N,-1.5390317398808113,-1.1318025348933913,0.9501113629824192,-0.765840938832929,-1.8983295753055986,1.9486973977342146,0.535117685947451,1.4661591175376416,0.6494671600404781,0.16501543260085272
BJA25K_C-0010_R+0015,172,30.9633371,-115.9900374,30-32N,-1.4291304744632014,-0.4222805796620282,1.0210185212531093,-1.0155697725938095,-1.1887476502606307,1.7328003053710326,-0.39466996926309106,0.6488959180551135,0.36586804161408254,-0.37775464632254335
BJA25K_C-0009_R+0015,173,30.9677378,-115.7279683,30-32N,-1.3158645594501788,0.7409256379266764,1.1115739425498121,-1.2501328048531748,-0.06267810957657169,1.6980123031086536,-1.3569655007760348,-1.487755569071624,0.37685438665226323,-0.4897244392416336
BJA25K_C-0008_R+0015,174,30.9716497,-115.4658858,30-32N,-2.700296954919224,1.210193842816222,1.685886598195867,-1.7424368430530988,-0.3030806149629389,2.8757820633523195,-1.5968044133990935,-1.7924060195900589,1.4613722588463844,-0.6483565007933546
BJA25K_C-0007_R+0015,175,30.9750728,-115.2037915,30-32N,-0.2479525934545977,2.0123672176655094,0.2172326387737217,-1.3415684835548147,1.6210074955950768,-0.08698505222527857,-1.583809422101886,-1.5892187423646518,-0.42800317292711726,-0.534485317826719
BJA25K_C-0006_R+0015,176,30.9780069,-114.9416871,30-32N,0.38808088273821073,1.8205136322720046,-0.795250688610599,-0.41255381607482994,1.515641269626571,-0.6520661817045339,-1.1267161334375384,-0.5795256815811236,-0.9290179624438326,-0.35491920547566697
BJA25K_C-0005_R+0015,177,30.9804521,-114.679574,30-32N,1.1358079635322735,1.551546095351215,-1.0176874462478056,1.240471488878213,1.3450857839371162,-0.8531432231323094,-0.6021371593589947,0.823607360669372,-1.2304163607362462,0.060190654088307656
BJA25K_C-0011_R+0016,178,31.1832752,-116.258441,30-32N,-1.4991042188001884,-0.808134580969565,1.1051236490284195,-0.4365203725604699,-1.55113457214077,1.800068437240194,0.0946037631538044,0.3908955911362122,0.4297915635717815,-0.24299159605833143
BJA25K_C-0010_R+0016,179,31.1881852,-115.9957831,30-32N,-1.3984365758445683,0.13794556759703575,1.12829232910103,-0.8017570269093904,-0.7584174768815076,1.5591310150269446,-0.8986768208021578,-0.5650363154523825,0.24171679711647906,-0.38863293763314927
BJA25K_C-0009_R+0016,180,31.1926045,-115.73311,30-32N,-1.5012408555866226,1.1233857507978258,0.8287682667752824,-1.4113280478402208,-0.036694799978003775,1.4797378246385327,-1.359885462497737,-1.3969873361823733,0.3685734391629783,-0.5457488693938908
BJA25K_C-0008_R+0016,181,31.1965328,-115.4704233,30-32N,-1.1479047028018747,1.8162754632289937,0.6843182624940968,-1.7403240283117194,0.7440543538916754,1.1492904453572208,-1.4059021199062085,-1.3203728858097326,0.3679093618215381,-0.5797982774750038
BJA25K_C-0007_R+0016,182,31.1999703,-115.2077245,30-32N,0.1997881687579758,2.08910969032296,-0.35144144070573485,-1.2404335727236395,1.8486332022913208,-0.4002777721920434,-1.3009535510875532,-1.3026703071492403,-0.8683079564047991,-0.5241260217392161
BJA25K_C-0006_R+0016,183,31.2029168,-114.9450153,30-32N,0.6013746081768249,1.6702397084944862,-1.0253503896060336,-0.34496479980559447,1.1157497715031544,-0.7224651442835011,-0.8082640585389932,0.1971652750115698,-1.2798839956865684,-0.16090791330772922
BJA25K_C-0012_R+0017,184,31.4026926,-116.5281034,30-32N,-1.767938477675621,-0.8845254048580631,0.9709668578642014,-0.41136450164969846,-1.8571435202037796,1.8065379175758767,0.20727721221644785,0.6036697259675319,0.7537053846326547,0.031790442212536164
BJA25K_C-0011_R+0017,185,31.4081161,-116.264853,30-32N,-1.6337484214211073,-0.20171019422080708,1.1993148407372511,-0.4369131085356076,-1.146838635251393,1.8409256496762734,-0.4358148901855018,-0.6098951750923174,0.6742556972985143,-0.36196380596196903
BJA25K_C-0009_R+0017,186,31.4174848,-115.7383024,30-32N,-1.4758843523861205,1.5294372182003508,0.6063482058920489,-1.46722408961208,0.22152753222298205,2.2353515610267403,-1.1879694095932416,-0.7857660056830278,0.4272132749801762,-0.539914273319501
BJA25K_C-0008_R+0017,187,31.4214298,-115.4750055,30-32N,-1.1349536465662917,1.7828766518804968,-0.13530711616319616,-1.6897515419824631,0.8720860341569358,0.8198944296161669,-1.0813681608921502,-1.0666875462401593,0.08252484231853473,-0.5861228112689726
BJA25K_C-0007_R+0017,188,31.4248817,-115.2116962,30-32N,0.1778698414340372,2.1169791736567127,-0.7977824495375737,-1.0500424265072728,1.9220448777930705,-0.6943795800000534,-0.9139282935624465,-1.3776773039587036,-1.1746048007859982,-0.42297097996319927
BJA25K_C-0006_R+0017,189,31.4278407,-114.9483764,30-32N,0.9351398291509171,1.7661111713059934,-1.1954975246380535,-0.2708731957753825,1.4431538865773275,-0.8264972456912,-0.45655441096314764,0.2909610661320534,-1.719268652014033,1.7918214290626537
BJA25K_C-0012_R+0018,191,31.6275247,-116.535194,30-32N,-1.6563175456047134,-0.47716696038296985,1.2551174467833837,-0.532786512539736,-1.5225199056214735,1.869756711757818,-0.4118605163413174,0.08529725292583679,1.201797126363583,-0.3408089447346684
BJA25K_C-0011_R+0018,192,31.6329712,-116.2713283,30-32N,-1.6831234386566234,0.6105827200845105,1.4266471010028128,-0.7692725943289643,-0.6534228645998943,1.7606975545124448,-1.1599323008676659,-1.4291332361658982,0.7381575879544894,-0.4779632264960285
BJA25K_C-0010_R+0018,193,31.6379229,-116.0074451,30-32N,-1.72412247512598,1.4872922554772872,1.3043087188311435,-1.1963133792028255,0.038327763180807134,1.8331842670091305,-1.3131058559229567,-1.5484608216297413,0.3932509443433384,-0.5959791892585946
BJA25K_C-0009_R+0018,194,31.6423796,-115.7435461,30-32N,-1.6630555370172917,1.8010727430302496,0.6627896506626131,-1.6025789607611374,0.3825313757001522,1.838287128321869,-1.04833684268486,-0.9239046088563586,0.6322641075712006,-0.6224109483418717
BJA25K_C-0006_R+0018,195,31.6527795,-114.9517706,30-32N,1.1646635905288172,2.0111035800108787,-1.243789559607997,-0.5556690148925805,2.117706038815059,-0.9789463120998075,-0.2748675778098445,0.06714563628062477,-1.6306001699188841,0.3551607388190242
BJA25K_C-0012_R+0019,197,31.8523716,-116.5423547,30-32N,-1.6629379128908557,-0.04994888119504064,1.8280464878681628,-0.7950340657330406,-1.2764536143464513,2.1050150800340566,-0.8904981821154695,-0.38866568593440215,0.8649662169521372,-0.41181369715509836
BJA25K_C-0011_R+0019,198,31.8578414,-116.2778676,30-32N,-1.6966699891460404,0.9515432106119998,1.76563894718206,-1.1671090483806075,-0.5061604950355622,1.8548352041148215,-1.3506561087652484,-1.5589419852062467,0.9025996033816645,-0.4549337789336317
BJA25K_C-0010_R+0019,199,31.8628141,-116.0133627,30-32N,-1.858831721558617,1.6118931633904965,1.4347820083815483,-1.5509478824504421,-0.013245596649610437,2.470391039619301,-1.3964039717436856,-1.483476998294986,1.2239661214758748,-0.6309416936000947
BJA25K_C-0009_R+0019,200,31.8672899,-115.7488416,30-32N,-1.4888188021083402,1.863326715657473,0.5739852341485813,-1.6194315190981208,0.6810207460086475,1.6029387014590546,-1.1771453915920618,-1.3433742309591845,0.3294946520623167,-0.6193696611193613
BJA25K_C-0007_R+0019,201,31.8747499,-115.2197577,30-32N,1.2197652725116264,2.4571460851187585,-1.110781784779796,-0.9300531937362077,3.0767450026662804,-0.9256250637438519,-0.825753134586303,-1.4681656850076699,-1.2902414421315747,-0.6156127077555492
BJA25K_C-0013_R+0020,202,32.0712421,-116.8146808,30-32N,-1.769223929240343,-0.7758580946024236,1.6510730626276042,-0.7109205371695162,-1.933762347231401,2.125955156854919,-0.40948516719743716,0.302928738503527,1.1720698988682785,-0.4127473770017313
BJA25K_C-0012_R+0020,203,32.0772343,-116.5495861,30-32N,-1.6990542701216065,0.23958664885494524,1.8514985352804736,-0.812167469266741,-1.0702677960870874,2.05620738043374,-1.0651859917838784,-1.0153712927165983,0.9918009170949688,-0.4969796438425124
BJA25K_C-0011_R+0020,204,32.0827274,-116.2844715,30-32N,-1.9178946769794045,1.1648346353160173,1.9044012899943366,-1.2589459979278128,-0.41260399875879455,2.504719124592305,-1.401532009524041,-1.688274627675783,0.7165992375323252,-0.5332297141947001
BJA25K_C-0010_R+0020,205,32.0877215,-116.0193387,30-32N,-2.30571178675391,1.5719557895865999,1.4167218161224209,-1.6514080303968222,-0.22328476107260642,3.239553619829479,-1.4236174813367743,-1.4871500151171693,1.2642149532940128,-0.6465332272341237
