grid_cell_id,grid_cell_order,centroid_latitude,centroid_longitude,latitude_band,C3_richness,N0_richness,classified_richness_C3_plus_N0,C3_fraction
BJA25K_C+0013_R-0020,1,23.0758711,-110.2025688,23-24N,0,1,1,0.0
BJA25K_C+0014_R-0020,2,23.0699,-109.9583628,23-24N,0,1,1,0.0
BJA25K_C+0015_R-0020,3,23.0635028,-109.714167,23-24N,18,32,50,0.36
BJA25K_C+0016_R-0020,4,23.0566794,-109.4699823,23-24N,3,6,9,0.3333333333333333
BJA25K_C+0013_R-0019,5,23.3007157,-110.1967726,23-24N,13,10,23,0.5652173913043478
BJA25K_C+0014_R-0019,6,23.2947229,-109.9521386,23-24N,6,8,14,0.42857142857142855
BJA25K_C+0015_R-0019,7,23.2883023,-109.7075151,23-24N,9,13,22,0.4090909090909091
BJA25K_C+0016_R-0019,8,23.2814541,-109.4629028,23-24N,4,3,7,0.5714285714285714
BJA25K_C+0013_R-0018,9,23.5255433,-110.190919,23-24N,25,21,46,0.5434782608695652
BJA25K_C+0014_R-0018,10,23.5195285,-109.9458527,23-24N,12,22,34,0.35294117647058826
BJA25K_C+0015_R-0018,11,23.5130845,-109.7007972,23-24N,15,21,36,0.4166666666666667
BJA25K_C+0016_R-0018,12,23.5062112,-109.4557532,23-24N,9,16,25,0.36
BJA25K_C+0012_R-0017,13,23.7559605,-110.4305208,23-24N,0,1,1,0.0
BJA25K_C+0013_R-0017,14,23.7503546,-110.1850075,23-24N,14,15,29,0.4827586206896552
BJA25K_C+0014_R-0017,15,23.7443178,-109.9395046,23-24N,22,23,45,0.4888888888888889
BJA25K_C+0015_R-0017,16,23.73785,-109.6940128,23-24N,3,7,10,0.3
BJA25K_C+0010_R-0016,17,23.9907325,-110.9169296,23-24N,1,2,3,0.3333333333333333
BJA25K_C+0011_R-0016,18,23.9859712,-110.6709562,23-24N,0,3,3,0.0
BJA25K_C+0012_R-0016,19,23.9807772,-110.4249919,23-24N,8,11,19,0.42105263157894735
BJA25K_C+0013_R-0016,20,23.9751506,-110.1790375,23-24N,34,24,58,0.5862068965517241
BJA25K_C+0014_R-0016,21,23.9690914,-109.9330937,23-24N,10,11,21,0.47619047619047616
BJA25K_C+0010_R-0015,23,24.2155717,-110.9122379,24-26N,0,1,1,0.0
BJA25K_C+0011_R-0015,24,24.2107927,-110.6658185,24-26N,5,5,10,0.5
BJA25K_C+0012_R-0015,25,24.2055794,-110.4194085,24-26N,14,31,45,0.3111111111111111
BJA25K_C+0013_R-0015,26,24.199932,-110.1730086,24-26N,29,24,53,0.5471698113207547
BJA25K_C+0014_R-0015,27,24.1938504,-109.9266196,24-26N,2,5,7,0.2857142857142857
BJA25K_C+0007_R-0014,28,24.4521722,-111.648158,24-26N,4,8,12,0.3333333333333333
BJA25K_C+0008_R-0014,29,24.4486833,-111.4012646,24-26N,0,2,2,0.0
BJA25K_C+0009_R-0014,30,24.4447584,-111.1543783,24-26N,2,1,3,0.6666666666666666
BJA25K_C+0010_R-0014,31,24.4403975,-110.9074999,24-26N,0,5,5,0.0
BJA25K_C+0011_R-0014,32,24.4356008,-110.6606302,24-26N,1,1,2,0.5
BJA25K_C+0006_R-0013,36,24.680094,-111.8920942,24-26N,2,4,6,0.3333333333333333
BJA25K_C+0007_R-0013,37,24.6770297,-111.644739,24-26N,6,8,14,0.42857142857142855
BJA25K_C+0008_R-0013,38,24.6735278,-111.3973902,24-26N,1,1,2,0.5
BJA25K_C+0010_R-0013,39,24.665211,-110.9027152,24-26N,1,0,1,1.0
BJA25K_C+0011_R-0013,40,24.6603964,-110.6553907,24-26N,0,2,2,0.0
BJA25K_C+0005_R-0012,41,24.9075882,-112.1369225,24-26N,1,4,5,0.2
BJA25K_C+0006_R-0012,42,24.9049518,-111.8891016,24-26N,1,6,7,0.14285714285714285
BJA25K_C+0008_R-0012,43,24.8983609,-111.3934777,24-26N,0,1,1,0.0
BJA25K_C+0010_R-0012,44,24.890013,-110.8978835,24-26N,2,2,4,0.5
BJA25K_C+0011_R-0012,45,24.8851803,-110.6500996,24-26N,1,4,5,0.2
BJA25K_C+0005_R-0011,46,25.1324457,-112.1343651,24-26N,0,6,6,0.0
BJA25K_C+0006_R-0011,47,25.1297994,-111.8860795,24-26N,0,5,5,0.0
BJA25K_C+0007_R-0011,48,25.126712,-111.6377997,24-26N,1,5,6,0.16666666666666666
BJA25K_C+0008_R-0011,49,25.1231837,-111.3895266,24-26N,1,0,1,1.0
BJA25K_C+0007_R-0010,50,25.3515385,-111.6342788,24-26N,1,1,2,0.5
BJA25K_C+0009_R-0010,51,25.3440127,-111.1368025,24-26N,0,1,1,0.0
BJA25K_C+0005_R-0009,52,25.5821337,-112.1291747,24-26N,1,0,1,1.0
BJA25K_C+0006_R-0009,53,25.5794672,-111.879946,24-26N,0,7,7,0.0
BJA25K_C+0007_R-0009,54,25.5763565,-111.6307233,24-26N,2,2,4,0.5
BJA25K_C+0008_R-0009,55,25.5728014,-111.3815077,24-26N,1,0,1,1.0
BJA25K_C+0009_R-0009,56,25.5688021,-111.1323001,24-26N,1,1,2,0.5
BJA25K_C+0005_R-0008,58,25.8069659,-112.1265412,24-26N,2,1,3,0.6666666666666666
BJA25K_C+0006_R-0008,59,25.8042893,-111.876834,24-26N,0,1,1,0.0
BJA25K_C+0007_R-0008,60,25.8011667,-111.6271329,24-26N,4,5,9,0.4444444444444444
BJA25K_C+0008_R-0008,61,25.7975981,-111.3774391,24-26N,6,11,17,0.35294117647058826
BJA25K_C+0009_R-0008,62,25.7935835,-111.1277535,24-26N,0,1,1,0.0
BJA25K_C+0004_R-0007,63,26.0340305,-112.3740778,26-28N,0,1,1,0.0
BJA25K_C+0006_R-0007,64,26.0291046,-111.8736914,26-28N,6,10,16,0.375
BJA25K_C+0008_R-0007,65,26.0223878,-111.3733306,26-28N,7,13,20,0.35
BJA25K_C+0003_R-0006,66,26.260657,-112.6225691,26-28N,1,1,2,0.5
BJA25K_C+0004_R-0006,67,26.2588588,-112.3718805,26-28N,4,7,11,0.36363636363636365
BJA25K_C+0005_R-0006,68,26.2566111,-112.1211966,26-28N,7,3,10,0.7
BJA25K_C+0006_R-0006,69,26.253914,-111.8705181,26-28N,0,5,5,0.0
BJA25K_C+0007_R-0006,70,26.2507674,-111.6198462,26-28N,1,0,1,1.0
BJA25K_C+0008_R-0006,71,26.2471714,-111.3691819,26-28N,1,6,7,0.14285714285714285
BJA25K_C+0003_R-0005,72,26.4854873,-112.6208432,26-28N,0,1,1,0.0
BJA25K_C+0005_R-0005,73,26.4814259,-112.1184849,26-28N,1,1,2,0.5
BJA25K_C+0006_R-0005,74,26.4787183,-111.8673137,26-28N,0,1,1,0.0
BJA25K_C+0007_R-0005,75,26.4755596,-111.6161492,26-28N,2,3,5,0.4
BJA25K_C+0008_R-0005,76,26.4719497,-111.3649925,26-28N,2,7,9,0.2222222222222222
BJA25K_C-0001_R-0004,77,26.7130319,-113.6258438,26-28N,1,4,5,0.2
BJA25K_C+0001_R-0004,79,26.7125788,-113.122469,26-28N,2,1,3,0.6666666666666666
BJA25K_C+0005_R-0004,80,26.7062365,-112.1157466,26-28N,0,1,1,0.0
BJA25K_C+0006_R-0004,81,26.7035185,-111.8640779,26-28N,1,4,5,0.2
BJA25K_C+0000_R-0003,82,26.9378657,-113.3739047,26-28N,1,1,2,0.5
BJA25K_C+0004_R-0003,84,26.9333178,-112.3651587,26-28N,1,0,1,1.0
BJA25K_C+0005_R-0003,85,26.9310439,-112.1129816,26-28N,2,4,6,0.3333333333333333
BJA25K_C+0006_R-0003,86,26.9283153,-111.8608104,26-28N,4,6,10,0.4
BJA25K_C-0004_R-0002,87,27.1599579,-114.3844365,26-28N,0,2,2,0.0
BJA25K_C+0000_R-0002,89,27.1626973,-113.3736508,26-28N,2,0,2,1.0
BJA25K_C+0001_R-0002,90,27.1622407,-113.120953,26-28N,0,3,3,0.0
BJA25K_C+0002_R-0002,91,27.1613276,-112.8682569,26-28N,0,1,1,0.0
BJA25K_C+0004_R-0002,92,27.1581316,-112.362874,26-28N,1,4,5,0.2
BJA25K_C+0005_R-0002,93,27.1558489,-112.1101895,26-28N,1,1,2,0.5
BJA25K_C-0004_R-0001,95,27.3847775,-114.3862309,26-28N,0,3,3,0.0
BJA25K_C-0003_R-0001,96,27.3861526,-114.1330249,26-28N,1,0,1,1.0
BJA25K_C-0002_R-0001,97,27.3870693,-113.8798161,26-28N,1,2,3,0.3333333333333333
BJA25K_C+0000_R-0001,98,27.3875276,-113.3733945,26-28N,0,1,1,0.0
BJA25K_C+0001_R-0001,99,27.3870693,-113.1201839,26-28N,0,6,6,0.0
BJA25K_C+0002_R-0001,100,27.3861526,-112.8669751,26-28N,2,4,6,0.3333333333333333
BJA25K_C+0003_R-0001,101,27.3847775,-112.6137691,26-28N,1,3,4,0.25
BJA25K_C+0004_R-0001,102,27.3829441,-112.360567,26-28N,2,3,5,0.4
BJA25K_C-0006_R+0000,103,27.6054552,-114.895477,26-28N,3,1,4,0.75
BJA25K_C-0005_R+0000,104,27.607756,-114.6417626,26-28N,4,6,10,0.4
BJA25K_C-0004_R+0000,105,27.6095966,-114.3880429,26-28N,1,3,4,0.25
BJA25K_C-0001_R+0000,107,27.6123575,-113.6268644,26-28N,0,1,1,0.0
BJA25K_C+0000_R+0000,108,27.6123575,-113.3731356,26-28N,0,2,2,0.0
BJA25K_C+0001_R+0000,109,27.6118974,-113.1194073,26-28N,1,3,4,0.25
BJA25K_C-0006_R+0001,110,27.8302583,-114.8983519,26-28N,0,3,3,0.0
BJA25K_C-0003_R+0001,112,27.8358019,-114.1356263,26-28N,0,5,5,0.0
BJA25K_C-0002_R+0001,113,27.8367259,-113.8813769,26-28N,2,3,5,0.4
BJA25K_C-0001_R+0001,114,27.8371879,-113.6271258,26-28N,1,1,2,0.5
BJA25K_C-0003_R+0002,115,28.0606281,-114.1369461,28-30N,3,2,5,0.6
BJA25K_C-0002_R+0002,116,28.0615557,-113.8821689,28-30N,1,1,2,0.5
BJA25K_C+0000_R+0002,117,28.0620195,-113.3726102,28-30N,0,5,5,0.0
BJA25K_C-0003_R+0003,118,28.2854563,-114.1382788,28-30N,1,2,3,0.3333333333333333
BJA25K_C-0002_R+0003,119,28.2863876,-113.8829685,28-30N,1,8,9,0.1111111111111111
BJA25K_C+0001_R+0003,120,28.2863876,-113.1170315,28-30N,0,2,2,0.0
BJA25K_C+0002_R+0003,121,28.2854563,-112.8617212,28-30N,1,1,2,0.5
BJA25K_C-0003_R+0004,122,28.5102875,-114.1396246,28-30N,1,1,2,0.5
BJA25K_C-0002_R+0004,123,28.5112226,-113.883776,28-30N,2,3,5,0.4
BJA25K_C+0001_R+0004,124,28.5112226,-113.116224,28-30N,1,0,1,1.0
BJA25K_C+0002_R+0004,125,28.5102875,-112.8603754,28-30N,2,3,5,0.4
BJA25K_C-0004_R+0005,126,28.7337144,-114.3973725,28-30N,1,0,1,1.0
BJA25K_C-0003_R+0005,127,28.7351226,-114.1409835,28-30N,0,3,3,0.0
BJA25K_C-0002_R+0005,128,28.7360614,-113.8845914,28-30N,1,2,3,0.3333333333333333
BJA25K_C-0001_R+0005,129,28.7365308,-113.6281974,28-30N,0,4,4,0.0
BJA25K_C+0000_R+0005,130,28.7365308,-113.3718026,28-30N,2,3,5,0.4
BJA25K_C-0005_R+0006,131,28.9566634,-114.6562267,28-30N,1,0,1,1.0
BJA25K_C-0004_R+0006,132,28.9585485,-114.3992935,28-30N,2,2,4,0.5
BJA25K_C-0003_R+0006,133,28.9599624,-114.1423558,28-30N,1,4,5,0.2
BJA25K_C-0002_R+0006,134,28.960905,-113.8854148,28-30N,0,2,2,0.0
BJA25K_C-0001_R+0006,135,28.9613763,-113.6284718,28-30N,4,12,16,0.25
BJA25K_C+0000_R+0006,136,28.9613763,-113.3715282,28-30N,1,0,1,1.0
BJA25K_C-0005_R+0007,138,29.1814954,-114.6587207,28-30N,1,0,1,1.0
BJA25K_C-0003_R+0007,139,29.1848078,-114.1437415,28-30N,0,4,4,0.0
BJA25K_C-0001_R+0007,140,29.1862274,-113.628749,28-30N,0,2,2,0.0
BJA25K_C-0006_R+0008,141,29.4039582,-114.9192797,28-30N,2,2,4,0.5
BJA25K_C-0004_R+0008,142,29.4082342,-114.4031923,28-30N,5,4,9,0.5555555555555556
BJA25K_C-0003_R+0008,143,29.4096596,-114.1451408,28-30N,0,1,1,0.0
BJA25K_C-0006_R+0009,144,29.628794,-114.9223877,28-30N,3,2,5,0.6
BJA25K_C-0005_R+0009,145,29.6311793,-114.6637822,28-30N,2,9,11,0.18181818181818182
BJA25K_C-0004_R+0009,146,29.6330875,-114.4051704,28-30N,0,3,3,0.0
BJA25K_C-0003_R+0009,147,29.6345187,-114.1465538,28-30N,0,3,3,0.0
BJA25K_C-0009_R+0010,148,29.8435794,-115.7030013,28-30N,0,1,1,0.0
BJA25K_C-0007_R+0010,149,29.8507639,-115.1846943,28-30N,1,3,4,0.25
BJA25K_C-0006_R+0010,150,29.8536379,-114.9255262,28-30N,1,1,2,0.5
BJA25K_C-0005_R+0010,151,29.8560329,-114.6663503,28-30N,3,4,7,0.42857142857142855
BJA25K_C-0004_R+0010,152,29.8579489,-114.407168,28-30N,1,4,5,0.2
BJA25K_C-0009_R+0011,153,30.0683906,-115.7078975,30-32N,4,7,11,0.36363636363636365
BJA25K_C-0008_R+0011,154,30.0722381,-115.4481739,30-32N,1,3,4,0.25
BJA25K_C-0006_R+0011,156,30.0784905,-114.9286954,30-32N,0,5,5,0.0
BJA25K_C-0005_R+0011,157,30.0808954,-114.6689435,30-32N,1,2,3,0.3333333333333333
BJA25K_C-0009_R+0012,159,30.2932112,-115.7128418,30-32N,4,1,5,0.8
BJA25K_C-0008_R+0012,160,30.2970746,-115.4525371,30-32N,2,1,3,0.6666666666666666
BJA25K_C-0007_R+0012,161,30.3004552,-115.1922213,30-32N,1,0,1,1.0
BJA25K_C-0005_R+0012,162,30.3057677,-114.6715623,30-32N,1,2,3,0.3333333333333333
BJA25K_C-0010_R+0013,163,30.5136779,-115.9787134,30-32N,11,15,26,0.4230769230769231
BJA25K_C-0009_R+0013,164,30.518042,-115.7178347,30-32N,0,4,4,0.0
BJA25K_C-0007_R+0013,165,30.5253161,-115.1960403,30-32N,1,0,1,1.0
BJA25K_C-0006_R+0013,166,30.5282258,-114.9351277,30-32N,0,1,1,0.0
BJA25K_C-0005_R+0013,167,30.5306507,-114.6742067,30-32N,0,1,1,0.0
BJA25K_C-0010_R+0014,168,30.7385016,-115.9843477,30-32N,4,1,5,0.8
BJA25K_C-0009_R+0014,169,30.742884,-115.7228767,30-32N,1,0,1,1.0
BJA25K_C-0007_R+0014,170,30.7501883,-115.199897,30-32N,1,0,1,1.0
BJA25K_C-0011_R+0015,171,30.9584476,-116.2520915,30-32N,8,8,16,0.5
BJA25K_C-0010_R+0015,172,30.9633371,-115.9900374,30-32N,2,12,14,0.14285714285714285
BJA25K_C-0009_R+0015,173,30.9677378,-115.7279683,30-32N,12,8,20,0.6
BJA25K_C-0008_R+0015,174,30.9716497,-115.4658858,30-32N,6,6,12,0.5
BJA25K_C-0007_R+0015,175,30.9750728,-115.2037915,30-32N,1,2,3,0.3333333333333333
BJA25K_C-0006_R+0015,176,30.9780069,-114.9416871,30-32N,2,3,5,0.4
BJA25K_C-0005_R+0015,177,30.9804521,-114.679574,30-32N,0,2,2,0.0
BJA25K_C-0011_R+0016,178,31.1832752,-116.258441,30-32N,8,6,14,0.5714285714285714
BJA25K_C-0010_R+0016,179,31.1881852,-115.9957831,30-32N,1,0,1,1.0
BJA25K_C-0009_R+0016,180,31.1926045,-115.73311,30-32N,1,2,3,0.3333333333333333
BJA25K_C-0008_R+0016,181,31.1965328,-115.4704233,30-32N,3,3,6,0.5
BJA25K_C-0007_R+0016,182,31.1999703,-115.2077245,30-32N,2,3,5,0.4
BJA25K_C-0006_R+0016,183,31.2029168,-114.9450153,30-32N,2,4,6,0.3333333333333333
BJA25K_C-0012_R+0017,184,31.4026926,-116.5281034,30-32N,10,4,14,0.7142857142857143
BJA25K_C-0011_R+0017,185,31.4081161,-116.264853,30-32N,9,5,14,0.6428571428571429
BJA25K_C-0009_R+0017,186,31.4174848,-115.7383024,30-32N,4,1,5,0.8
BJA25K_C-0008_R+0017,187,31.4214298,-115.4750055,30-32N,1,1,2,0.5
BJA25K_C-0007_R+0017,188,31.4248817,-115.2116962,30-32N,1,1,2,0.5
BJA25K_C-0006_R+0017,189,31.4278407,-114.9483764,30-32N,0,1,1,0.0
BJA25K_C-0012_R+0018,191,31.6275247,-116.535194,30-32N,14,10,24,0.5833333333333334
BJA25K_C-0011_R+0018,192,31.6329712,-116.2713283,30-32N,1,2,3,0.3333333333333333
BJA25K_C-0010_R+0018,193,31.6379229,-116.0074451,30-32N,4,1,5,0.8
BJA25K_C-0009_R+0018,194,31.6423796,-115.7435461,30-32N,3,2,5,0.6
BJA25K_C-0006_R+0018,195,31.6527795,-114.9517706,30-32N,1,0,1,1.0
BJA25K_C-0012_R+0019,197,31.8523716,-116.5423547,30-32N,38,26,64,0.59375
BJA25K_C-0011_R+0019,198,31.8578414,-116.2778676,30-32N,8,8,16,0.5
BJA25K_C-0010_R+0019,199,31.8628141,-116.0133627,30-32N,8,2,10,0.8
BJA25K_C-0009_R+0019,200,31.8672899,-115.7488416,30-32N,0,2,2,0.0
BJA25K_C-0007_R+0019,201,31.8747499,-115.2197577,30-32N,1,0,1,1.0
BJA25K_C-0013_R+0020,202,32.0712421,-116.8146808,30-32N,7,6,13,0.5384615384615384
BJA25K_C-0012_R+0020,203,32.0772343,-116.5495861,30-32N,11,8,19,0.5789473684210527
BJA25K_C-0011_R+0020,204,32.0827274,-116.2844715,30-32N,0,1,1,0.0
BJA25K_C-0010_R+0020,205,32.0877215,-116.0193387,30-32N,2,1,3,0.6666666666666666
