model_id,omitted_cell,n_pairs,n_cells,coefficient,status
E_PRIMARY_COMPOSITE_MEAN,BJA25K_C+0013_R-0015,13,11,0.03188689416215859,OK
E_PRIMARY_COMPOSITE_MEAN,BJA25K_C+0013_R-0016,13,11,0.006055762809164543,OK
E_PRIMARY_COMPOSITE_MEAN,BJA25K_C+0013_R-0018,14,11,-0.055256575699125156,OK
E_PRIMARY_COMPOSITE_MEAN,BJA25K_C+0014_R-0017,13,11,0.05793792385756974,OK
E_PRIMARY_COMPOSITE_MEAN,BJA25K_C+0015_R-0018,14,11,0.10155949171738445,OK
E_PRIMARY_COMPOSITE_MEAN,BJA25K_C+0016_R-0018,14,11,0.051951326841252615,OK
E_PRIMARY_COMPOSITE_MEAN,BJA25K_C-0010_R+0013,14,11,0.057668751440034915,OK
E_PRIMARY_COMPOSITE_MEAN,BJA25K_C-0011_R+0015,14,11,0.038852354905810384,OK
E_PRIMARY_COMPOSITE_MEAN,BJA25K_C-0011_R+0016,14,11,0.08618742927026879,OK
E_PRIMARY_COMPOSITE_MEAN,BJA25K_C-0012_R+0018,14,11,0.051728769052181794,OK
E_PRIMARY_COMPOSITE_MEAN,BJA25K_C-0012_R+0019,14,11,0.03838771753726514,OK
E_PRIMARY_COMPOSITE_MEAN,BJA25K_C-0013_R+0019,14,11,0.09099136995386724,OK
E_SECONDARY_THERMAL_MEAN,BJA25K_C+0013_R-0015,13,11,0.20323677793954695,OK
E_SECONDARY_THERMAL_MEAN,BJA25K_C+0013_R-0016,13,11,0.02195381202327984,OK
E_SECONDARY_THERMAL_MEAN,BJA25K_C+0013_R-0018,14,11,0.15111624237513016,OK
E_SECONDARY_THERMAL_MEAN,BJA25K_C+0014_R-0017,13,11,0.17955873885015014,OK
E_SECONDARY_THERMAL_MEAN,BJA25K_C+0015_R-0018,14,11,0.2748108519625908,OK
E_SECONDARY_THERMAL_MEAN,BJA25K_C+0016_R-0018,14,11,0.2169483592003765,OK
E_SECONDARY_THERMAL_MEAN,BJA25K_C-0010_R+0013,14,11,0.1502622427016353,OK
E_SECONDARY_THERMAL_MEAN,BJA25K_C-0011_R+0015,14,11,0.18923776515555915,OK
E_SECONDARY_THERMAL_MEAN,BJA25K_C-0011_R+0016,14,11,0.20545020080083562,OK
E_SECONDARY_THERMAL_MEAN,BJA25K_C-0012_R+0018,14,11,0.20565209252998506,OK
E_SECONDARY_THERMAL_MEAN,BJA25K_C-0012_R+0019,14,11,0.19044959185401794,OK
E_SECONDARY_THERMAL_MEAN,BJA25K_C-0013_R+0019,14,11,0.3242122875608356,OK
E_SECONDARY_SURFACE_HEAT_MEAN,BJA25K_C+0013_R-0015,13,11,-0.33507848319463096,OK
E_SECONDARY_SURFACE_HEAT_MEAN,BJA25K_C+0013_R-0016,13,11,-0.400179564498472,OK
E_SECONDARY_SURFACE_HEAT_MEAN,BJA25K_C+0013_R-0018,14,11,-0.5562934362591816,OK
E_SECONDARY_SURFACE_HEAT_MEAN,BJA25K_C+0014_R-0017,13,11,-0.3045866868437015,OK
E_SECONDARY_SURFACE_HEAT_MEAN,BJA25K_C+0015_R-0018,14,11,-0.38439890702221285,OK
E_SECONDARY_SURFACE_HEAT_MEAN,BJA25K_C+0016_R-0018,14,11,-0.4217561983756,OK
E_SECONDARY_SURFACE_HEAT_MEAN,BJA25K_C-0010_R+0013,14,11,-0.5134811158135993,OK
E_SECONDARY_SURFACE_HEAT_MEAN,BJA25K_C-0011_R+0015,14,11,-0.45192189217909134,OK
E_SECONDARY_SURFACE_HEAT_MEAN,BJA25K_C-0011_R+0016,14,11,-0.21200433142572372,OK
E_SECONDARY_SURFACE_HEAT_MEAN,BJA25K_C-0012_R+0018,14,11,-0.41281178319664896,OK
E_SECONDARY_SURFACE_HEAT_MEAN,BJA25K_C-0012_R+0019,14,11,-1.110106375147371,OK
E_SECONDARY_SURFACE_HEAT_MEAN,BJA25K_C-0013_R+0019,14,11,-0.09324866545108784,OK
E_SECONDARY_VPD_MEAN,BJA25K_C+0013_R-0015,13,11,0.13479691130537827,OK
E_SECONDARY_VPD_MEAN,BJA25K_C+0013_R-0016,13,11,0.0769430657486078,OK
E_SECONDARY_VPD_MEAN,BJA25K_C+0013_R-0018,14,11,0.01402554532197325,OK
E_SECONDARY_VPD_MEAN,BJA25K_C+0014_R-0017,13,11,0.13715900012595955,OK
E_SECONDARY_VPD_MEAN,BJA25K_C+0015_R-0018,14,11,0.18922464831561822,OK
E_SECONDARY_VPD_MEAN,BJA25K_C+0016_R-0018,14,11,0.16017561101672267,OK
E_SECONDARY_VPD_MEAN,BJA25K_C-0010_R+0013,14,11,0.17100243472743648,OK
E_SECONDARY_VPD_MEAN,BJA25K_C-0011_R+0015,14,11,0.12676430051427603,OK
E_SECONDARY_VPD_MEAN,BJA25K_C-0011_R+0016,14,11,0.18776888261356448,OK
E_SECONDARY_VPD_MEAN,BJA25K_C-0012_R+0018,14,11,0.14202451917389053,OK
E_SECONDARY_VPD_MEAN,BJA25K_C-0012_R+0019,14,11,0.1295456321579401,OK
E_SECONDARY_VPD_MEAN,BJA25K_C-0013_R+0019,14,11,0.15981148071532647,OK
E_SECONDARY_MOISTURE_MEAN,BJA25K_C+0013_R-0015,13,11,-0.027523120671688495,OK
E_SECONDARY_MOISTURE_MEAN,BJA25K_C+0013_R-0016,13,11,0.0003617321109972765,OK
E_SECONDARY_MOISTURE_MEAN,BJA25K_C+0013_R-0018,14,11,-0.02094425290662911,OK
E_SECONDARY_MOISTURE_MEAN,BJA25K_C+0014_R-0017,13,11,0.11664651379471741,OK
E_SECONDARY_MOISTURE_MEAN,BJA25K_C+0015_R-0018,14,11,0.061340047877867926,OK
E_SECONDARY_MOISTURE_MEAN,BJA25K_C+0016_R-0018,14,11,0.008956253935155034,OK
E_SECONDARY_MOISTURE_MEAN,BJA25K_C-0010_R+0013,14,11,0.033183296318695266,OK
E_SECONDARY_MOISTURE_MEAN,BJA25K_C-0011_R+0015,14,11,-0.022963524091981664,OK
E_SECONDARY_MOISTURE_MEAN,BJA25K_C-0011_R+0016,14,11,0.021907624007563856,OK
E_SECONDARY_MOISTURE_MEAN,BJA25K_C-0012_R+0018,14,11,0.017720715808396497,OK
E_SECONDARY_MOISTURE_MEAN,BJA25K_C-0012_R+0019,14,11,0.002261954301459368,OK
E_SECONDARY_MOISTURE_MEAN,BJA25K_C-0013_R+0019,14,11,0.002199632169606909,OK
E_SECONDARY_RAINFALL_MEAN,BJA25K_C+0013_R-0015,13,11,-0.02100327535185724,OK
E_SECONDARY_RAINFALL_MEAN,BJA25K_C+0013_R-0016,13,11,-0.0017516410348493098,OK
E_SECONDARY_RAINFALL_MEAN,BJA25K_C+0013_R-0018,14,11,-0.05880066118918944,OK
E_SECONDARY_RAINFALL_MEAN,BJA25K_C+0014_R-0017,13,11,0.015582194965317394,OK
E_SECONDARY_RAINFALL_MEAN,BJA25K_C+0015_R-0018,14,11,0.061638727782227724,OK
E_SECONDARY_RAINFALL_MEAN,BJA25K_C+0016_R-0018,14,11,-0.023011574022393712,OK
E_SECONDARY_RAINFALL_MEAN,BJA25K_C-0010_R+0013,14,11,-0.031779329590482255,OK
E_SECONDARY_RAINFALL_MEAN,BJA25K_C-0011_R+0015,14,11,-0.118402888911323,OK
E_SECONDARY_RAINFALL_MEAN,BJA25K_C-0011_R+0016,14,11,-0.022538974332290202,OK
E_SECONDARY_RAINFALL_MEAN,BJA25K_C-0012_R+0018,14,11,-0.02786586708915184,OK
E_SECONDARY_RAINFALL_MEAN,BJA25K_C-0012_R+0019,14,11,-0.0387161366756915,OK
E_SECONDARY_RAINFALL_MEAN,BJA25K_C-0013_R+0019,14,11,-0.036492451142722204,OK
E_SECONDARY_SOIL_WATER_MEAN,BJA25K_C+0013_R-0015,13,11,-0.14049687278835896,OK
E_SECONDARY_SOIL_WATER_MEAN,BJA25K_C+0013_R-0016,13,11,-0.14743978838649588,OK
E_SECONDARY_SOIL_WATER_MEAN,BJA25K_C+0013_R-0018,14,11,-0.017884543245348997,OK
E_SECONDARY_SOIL_WATER_MEAN,BJA25K_C+0014_R-0017,13,11,0.05350789872109389,OK
E_SECONDARY_SOIL_WATER_MEAN,BJA25K_C+0015_R-0018,14,11,-0.039380199892951724,OK
E_SECONDARY_SOIL_WATER_MEAN,BJA25K_C+0016_R-0018,14,11,-0.059329173712110994,OK
E_SECONDARY_SOIL_WATER_MEAN,BJA25K_C-0010_R+0013,14,11,0.02166395658588338,OK
E_SECONDARY_SOIL_WATER_MEAN,BJA25K_C-0011_R+0015,14,11,-0.04806231695598279,OK
E_SECONDARY_SOIL_WATER_MEAN,BJA25K_C-0011_R+0016,14,11,-0.010558799893060293,OK
E_SECONDARY_SOIL_WATER_MEAN,BJA25K_C-0012_R+0018,14,11,-0.040359084295692696,OK
E_SECONDARY_SOIL_WATER_MEAN,BJA25K_C-0012_R+0019,14,11,-0.046864554792676635,OK
E_SECONDARY_SOIL_WATER_MEAN,BJA25K_C-0013_R+0019,14,11,-0.05489457368225247,OK
E_SECONDARY_WATER_BALANCE_MEAN,BJA25K_C+0013_R-0015,13,11,0.054179275289572185,OK
E_SECONDARY_WATER_BALANCE_MEAN,BJA25K_C+0013_R-0016,13,11,0.06275537912234865,OK
E_SECONDARY_WATER_BALANCE_MEAN,BJA25K_C+0013_R-0018,14,11,-0.0008982576140725729,OK
E_SECONDARY_WATER_BALANCE_MEAN,BJA25K_C+0014_R-0017,13,11,0.09276617105056639,OK
E_SECONDARY_WATER_BALANCE_MEAN,BJA25K_C+0015_R-0018,14,11,0.080358784197818,OK
E_SECONDARY_WATER_BALANCE_MEAN,BJA25K_C+0016_R-0018,14,11,0.06919631760559347,OK
E_SECONDARY_WATER_BALANCE_MEAN,BJA25K_C-0010_R+0013,14,11,0.0641311385027018,OK
E_SECONDARY_WATER_BALANCE_MEAN,BJA25K_C-0011_R+0015,14,11,0.05440753733590261,OK
E_SECONDARY_WATER_BALANCE_MEAN,BJA25K_C-0011_R+0016,14,11,0.053291026767085636,OK
E_SECONDARY_WATER_BALANCE_MEAN,BJA25K_C-0012_R+0018,14,11,0.062376589869039545,OK
E_SECONDARY_WATER_BALANCE_MEAN,BJA25K_C-0012_R+0019,14,11,0.055994437142296544,OK
E_SECONDARY_WATER_BALANCE_MEAN,BJA25K_C-0013_R+0019,14,11,0.057969829351564556,OK
E_SECONDARY_VEGETATION_MEAN,BJA25K_C+0013_R-0015,13,11,-0.06420292016104306,OK
E_SECONDARY_VEGETATION_MEAN,BJA25K_C+0013_R-0016,13,11,-0.04283089400459472,OK
E_SECONDARY_VEGETATION_MEAN,BJA25K_C+0013_R-0018,14,11,-0.4263830439223481,OK
E_SECONDARY_VEGETATION_MEAN,BJA25K_C+0014_R-0017,13,11,-0.07026475124105758,OK
E_SECONDARY_VEGETATION_MEAN,BJA25K_C+0015_R-0018,14,11,-0.050917631175261824,OK
E_SECONDARY_VEGETATION_MEAN,BJA25K_C+0016_R-0018,14,11,-0.08634372236020144,OK
E_SECONDARY_VEGETATION_MEAN,BJA25K_C-0010_R+0013,14,11,-0.06007067752482809,OK
E_SECONDARY_VEGETATION_MEAN,BJA25K_C-0011_R+0015,14,11,-0.07042792124925817,OK
E_SECONDARY_VEGETATION_MEAN,BJA25K_C-0011_R+0016,14,11,0.013437450617895969,OK
E_SECONDARY_VEGETATION_MEAN,BJA25K_C-0012_R+0018,14,11,-0.06962101128416637,OK
E_SECONDARY_VEGETATION_MEAN,BJA25K_C-0012_R+0019,14,11,-0.10093718854082889,OK
E_SECONDARY_VEGETATION_MEAN,BJA25K_C-0013_R+0019,14,11,0.010608426238593982,OK
E_INDEPENDENT_MODIS_LST_P95,BJA25K_C+0013_R-0015,13,11,-0.20594042526040535,OK
E_INDEPENDENT_MODIS_LST_P95,BJA25K_C+0013_R-0016,13,11,-0.015204673307208087,OK
E_INDEPENDENT_MODIS_LST_P95,BJA25K_C+0013_R-0018,14,11,-0.2249101897266006,OK
E_INDEPENDENT_MODIS_LST_P95,BJA25K_C+0014_R-0017,13,11,-0.001164005351247594,OK
E_INDEPENDENT_MODIS_LST_P95,BJA25K_C+0015_R-0018,14,11,-0.086126203513473,OK
E_INDEPENDENT_MODIS_LST_P95,BJA25K_C+0016_R-0018,14,11,-0.17646587725101012,OK
E_INDEPENDENT_MODIS_LST_P95,BJA25K_C-0010_R+0013,14,11,-0.28983550568278194,OK
E_INDEPENDENT_MODIS_LST_P95,BJA25K_C-0011_R+0015,14,11,-0.1346761965500263,OK
E_INDEPENDENT_MODIS_LST_P95,BJA25K_C-0011_R+0016,14,11,-0.03017478832519571,OK
E_INDEPENDENT_MODIS_LST_P95,BJA25K_C-0012_R+0018,14,11,-0.11368394068327034,OK
E_INDEPENDENT_MODIS_LST_P95,BJA25K_C-0012_R+0019,14,11,-0.20045413448203603,OK
E_INDEPENDENT_MODIS_LST_P95,BJA25K_C-0013_R+0019,14,11,0.1745390648404179,OK
E_INDEPENDENT_CHIRPS_PRECIP,BJA25K_C+0013_R-0015,13,11,0.34699004974956066,OK
E_INDEPENDENT_CHIRPS_PRECIP,BJA25K_C+0013_R-0016,13,11,0.2209829042426402,OK
E_INDEPENDENT_CHIRPS_PRECIP,BJA25K_C+0013_R-0018,14,11,0.37003681012890316,OK
E_INDEPENDENT_CHIRPS_PRECIP,BJA25K_C+0014_R-0017,13,11,0.18004619911026395,OK
E_INDEPENDENT_CHIRPS_PRECIP,BJA25K_C+0015_R-0018,14,11,0.4041727803096438,OK
E_INDEPENDENT_CHIRPS_PRECIP,BJA25K_C+0016_R-0018,14,11,0.5884715994028764,OK
E_INDEPENDENT_CHIRPS_PRECIP,BJA25K_C-0010_R+0013,14,11,0.38199838214673926,OK
E_INDEPENDENT_CHIRPS_PRECIP,BJA25K_C-0011_R+0015,14,11,0.3037775365718241,OK
E_INDEPENDENT_CHIRPS_PRECIP,BJA25K_C-0011_R+0016,14,11,0.747019269876401,OK
E_INDEPENDENT_CHIRPS_PRECIP,BJA25K_C-0012_R+0018,14,11,0.48353110394444865,OK
E_INDEPENDENT_CHIRPS_PRECIP,BJA25K_C-0012_R+0019,14,11,0.4458450224225019,OK
E_INDEPENDENT_CHIRPS_PRECIP,BJA25K_C-0013_R+0019,14,11,0.5057879621128184,OK
E_INDEPENDENT_TERRACLIMATE_CWD,BJA25K_C+0013_R-0015,13,11,0.11384169677878002,OK
E_INDEPENDENT_TERRACLIMATE_CWD,BJA25K_C+0013_R-0016,13,11,0.10857306904749806,OK
E_INDEPENDENT_TERRACLIMATE_CWD,BJA25K_C+0013_R-0018,14,11,-0.05650395042263177,OK
E_INDEPENDENT_TERRACLIMATE_CWD,BJA25K_C+0014_R-0017,13,11,0.15875841658878792,OK
E_INDEPENDENT_TERRACLIMATE_CWD,BJA25K_C+0015_R-0018,14,11,0.1288233370414937,OK
E_INDEPENDENT_TERRACLIMATE_CWD,BJA25K_C+0016_R-0018,14,11,0.12401587878877514,OK
E_INDEPENDENT_TERRACLIMATE_CWD,BJA25K_C-0010_R+0013,14,11,0.052433222009095,OK
E_INDEPENDENT_TERRACLIMATE_CWD,BJA25K_C-0011_R+0015,14,11,0.07635292871388788,OK
E_INDEPENDENT_TERRACLIMATE_CWD,BJA25K_C-0011_R+0016,14,11,0.052746847423804234,OK
E_INDEPENDENT_TERRACLIMATE_CWD,BJA25K_C-0012_R+0018,14,11,0.0885733771862251,OK
E_INDEPENDENT_TERRACLIMATE_CWD,BJA25K_C-0012_R+0019,14,11,0.06219197204407395,OK
E_INDEPENDENT_TERRACLIMATE_CWD,BJA25K_C-0013_R+0019,14,11,0.09433357511852136,OK
E_INDEPENDENT_MODIS_EVI_P10,BJA25K_C+0013_R-0015,13,11,-0.05358025598233841,OK
E_INDEPENDENT_MODIS_EVI_P10,BJA25K_C+0013_R-0016,13,11,-0.02851328966454375,OK
E_INDEPENDENT_MODIS_EVI_P10,BJA25K_C+0013_R-0018,14,11,-0.3483150504826049,OK
E_INDEPENDENT_MODIS_EVI_P10,BJA25K_C+0014_R-0017,13,11,-0.08672115134848833,OK
E_INDEPENDENT_MODIS_EVI_P10,BJA25K_C+0015_R-0018,14,11,-0.05740793580385061,OK
E_INDEPENDENT_MODIS_EVI_P10,BJA25K_C+0016_R-0018,14,11,-0.08779459229124055,OK
E_INDEPENDENT_MODIS_EVI_P10,BJA25K_C-0010_R+0013,14,11,-0.07071548490252053,OK
E_INDEPENDENT_MODIS_EVI_P10,BJA25K_C-0011_R+0015,14,11,-0.06779216397763849,OK
E_INDEPENDENT_MODIS_EVI_P10,BJA25K_C-0011_R+0016,14,11,-0.008977785116474563,OK
E_INDEPENDENT_MODIS_EVI_P10,BJA25K_C-0012_R+0018,14,11,-0.07057262770106015,OK
E_INDEPENDENT_MODIS_EVI_P10,BJA25K_C-0012_R+0019,14,11,-0.10823632201380358,OK
E_INDEPENDENT_MODIS_EVI_P10,BJA25K_C-0013_R+0019,14,11,0.013426045811929343,OK
E_SENSITIVITY_COMPOSITE_MAX,BJA25K_C+0013_R-0015,13,11,-0.009090372244726192,OK
E_SENSITIVITY_COMPOSITE_MAX,BJA25K_C+0013_R-0016,13,11,-0.024726757182997997,OK
E_SENSITIVITY_COMPOSITE_MAX,BJA25K_C+0013_R-0018,14,11,-0.29028691389938277,OK
E_SENSITIVITY_COMPOSITE_MAX,BJA25K_C+0014_R-0017,13,11,-0.020203618527901313,OK
E_SENSITIVITY_COMPOSITE_MAX,BJA25K_C+0015_R-0018,14,11,-0.004257449747602753,OK
E_SENSITIVITY_COMPOSITE_MAX,BJA25K_C+0016_R-0018,14,11,-0.05992274614631543,OK
E_SENSITIVITY_COMPOSITE_MAX,BJA25K_C-0010_R+0013,14,11,-0.04651135297191216,OK
E_SENSITIVITY_COMPOSITE_MAX,BJA25K_C-0011_R+0015,14,11,-0.07196354700885688,OK
E_SENSITIVITY_COMPOSITE_MAX,BJA25K_C-0011_R+0016,14,11,-0.008336381584604043,OK
E_SENSITIVITY_COMPOSITE_MAX,BJA25K_C-0012_R+0018,14,11,-0.03797610669395146,OK
E_SENSITIVITY_COMPOSITE_MAX,BJA25K_C-0012_R+0019,14,11,-0.11300516209017941,OK
E_SENSITIVITY_COMPOSITE_MAX,BJA25K_C-0013_R+0019,14,11,0.07240872662399024,OK
E_SENSITIVITY_COMPOSITE_BURDEN,BJA25K_C+0013_R-0015,13,11,0.11371206437910983,OK
E_SENSITIVITY_COMPOSITE_BURDEN,BJA25K_C+0013_R-0016,13,11,0.057267421737232704,OK
E_SENSITIVITY_COMPOSITE_BURDEN,BJA25K_C+0013_R-0018,14,11,-0.06856542060621044,OK
E_SENSITIVITY_COMPOSITE_BURDEN,BJA25K_C+0014_R-0017,13,11,0.06680514148526245,OK
E_SENSITIVITY_COMPOSITE_BURDEN,BJA25K_C+0015_R-0018,14,11,0.12186966001101784,OK
E_SENSITIVITY_COMPOSITE_BURDEN,BJA25K_C+0016_R-0018,14,11,0.08812043066669112,OK
E_SENSITIVITY_COMPOSITE_BURDEN,BJA25K_C-0010_R+0013,14,11,0.08047282752767188,OK
E_SENSITIVITY_COMPOSITE_BURDEN,BJA25K_C-0011_R+0015,14,11,0.0673473943943316,OK
E_SENSITIVITY_COMPOSITE_BURDEN,BJA25K_C-0011_R+0016,14,11,0.10002937528677301,OK
E_SENSITIVITY_COMPOSITE_BURDEN,BJA25K_C-0012_R+0018,14,11,0.08710965807978643,OK
E_SENSITIVITY_COMPOSITE_BURDEN,BJA25K_C-0012_R+0019,14,11,0.06938830201199084,OK
E_SENSITIVITY_COMPOSITE_BURDEN,BJA25K_C-0013_R+0019,14,11,0.1318302660226169,OK
E_SENSITIVITY_COMPOSITE_EXTREME_FRACTION,BJA25K_C+0013_R-0015,13,11,-0.05309617402598932,OK
E_SENSITIVITY_COMPOSITE_EXTREME_FRACTION,BJA25K_C+0013_R-0016,13,11,0.0026718043955941623,OK
E_SENSITIVITY_COMPOSITE_EXTREME_FRACTION,BJA25K_C+0013_R-0018,14,11,-0.06668474971529213,OK
E_SENSITIVITY_COMPOSITE_EXTREME_FRACTION,BJA25K_C+0014_R-0017,13,11,0.028793468884645977,OK
E_SENSITIVITY_COMPOSITE_EXTREME_FRACTION,BJA25K_C+0015_R-0018,14,11,-0.011133854801202214,OK
E_SENSITIVITY_COMPOSITE_EXTREME_FRACTION,BJA25K_C+0016_R-0018,14,11,-0.04585769154693431,OK
E_SENSITIVITY_COMPOSITE_EXTREME_FRACTION,BJA25K_C-0010_R+0013,14,11,-0.031446992934238194,OK
E_SENSITIVITY_COMPOSITE_EXTREME_FRACTION,BJA25K_C-0011_R+0015,14,11,-0.0292105575777859,OK
E_SENSITIVITY_COMPOSITE_EXTREME_FRACTION,BJA25K_C-0011_R+0016,14,11,-0.02831630625729764,OK
E_SENSITIVITY_COMPOSITE_EXTREME_FRACTION,BJA25K_C-0012_R+0018,14,11,-0.02923995711290006,OK
E_SENSITIVITY_COMPOSITE_EXTREME_FRACTION,BJA25K_C-0012_R+0019,14,11,-0.027257172796184115,OK
E_SENSITIVITY_COMPOSITE_EXTREME_FRACTION,BJA25K_C-0013_R+0019,14,11,-0.02897299081235999,OK
E_SENSITIVITY_JACCARD,BJA25K_C+0013_R-0015,13,11,-0.01745338667161995,OK
E_SENSITIVITY_JACCARD,BJA25K_C+0013_R-0016,13,11,-0.035552202913839655,OK
E_SENSITIVITY_JACCARD,BJA25K_C+0013_R-0018,14,11,-0.08099969615305812,OK
E_SENSITIVITY_JACCARD,BJA25K_C+0014_R-0017,13,11,-0.005141378216522718,OK
E_SENSITIVITY_JACCARD,BJA25K_C+0015_R-0018,14,11,0.027434235379679595,OK
E_SENSITIVITY_JACCARD,BJA25K_C+0016_R-0018,14,11,-0.011805121908335226,OK
E_SENSITIVITY_JACCARD,BJA25K_C-0010_R+0013,14,11,-0.005353031745667217,OK
E_SENSITIVITY_JACCARD,BJA25K_C-0011_R+0015,14,11,-0.02151142610953886,OK
E_SENSITIVITY_JACCARD,BJA25K_C-0011_R+0016,14,11,0.012934284866905427,OK
E_SENSITIVITY_JACCARD,BJA25K_C-0012_R+0018,14,11,-0.00915377344027284,OK
E_SENSITIVITY_JACCARD,BJA25K_C-0012_R+0019,14,11,-0.008191359658374324,OK
E_SENSITIVITY_JACCARD,BJA25K_C-0013_R+0019,14,11,0.020424599541804242,OK
E_CONTROL_EFFORT_TIME,BJA25K_C+0013_R-0015,13,11,0.162308995876919,OK
E_CONTROL_EFFORT_TIME,BJA25K_C+0013_R-0016,13,11,0.1732325766691111,OK
E_CONTROL_EFFORT_TIME,BJA25K_C+0013_R-0018,14,11,0.11928272975768986,OK
E_CONTROL_EFFORT_TIME,BJA25K_C+0014_R-0017,13,11,0.1925929574695601,OK
E_CONTROL_EFFORT_TIME,BJA25K_C+0015_R-0018,14,11,0.20126525645461946,OK
E_CONTROL_EFFORT_TIME,BJA25K_C+0016_R-0018,14,11,0.18568785244387603,OK
E_CONTROL_EFFORT_TIME,BJA25K_C-0010_R+0013,14,11,0.1299363910344453,OK
E_CONTROL_EFFORT_TIME,BJA25K_C-0011_R+0015,14,11,0.18195809853018022,OK
E_CONTROL_EFFORT_TIME,BJA25K_C-0011_R+0016,14,11,0.21804448836479753,OK
E_CONTROL_EFFORT_TIME,BJA25K_C-0012_R+0018,14,11,0.16857004058093006,OK
E_CONTROL_EFFORT_TIME,BJA25K_C-0012_R+0019,14,11,0.17229231935126335,OK
E_CONTROL_EFFORT_TIME,BJA25K_C-0013_R+0019,14,11,0.18325558783951154,OK
E_CONTROL_EFFORT_ONLY,BJA25K_C+0013_R-0015,13,11,0.14311687586542898,OK
E_CONTROL_EFFORT_ONLY,BJA25K_C+0013_R-0016,13,11,0.17795483015482533,OK
E_CONTROL_EFFORT_ONLY,BJA25K_C+0013_R-0018,14,11,0.08154756625131522,OK
E_CONTROL_EFFORT_ONLY,BJA25K_C+0014_R-0017,13,11,0.1792987533373165,OK
E_CONTROL_EFFORT_ONLY,BJA25K_C+0015_R-0018,14,11,0.19472980456666497,OK
E_CONTROL_EFFORT_ONLY,BJA25K_C+0016_R-0018,14,11,0.177470005428793,OK
E_CONTROL_EFFORT_ONLY,BJA25K_C-0010_R+0013,14,11,0.12900193324675469,OK
E_CONTROL_EFFORT_ONLY,BJA25K_C-0011_R+0015,14,11,0.171706597437198,OK
E_CONTROL_EFFORT_ONLY,BJA25K_C-0011_R+0016,14,11,0.21394213456838554,OK
E_CONTROL_EFFORT_ONLY,BJA25K_C-0012_R+0018,14,11,0.1624174516082137,OK
E_CONTROL_EFFORT_ONLY,BJA25K_C-0012_R+0019,14,11,0.1557239769384649,OK
E_CONTROL_EFFORT_ONLY,BJA25K_C-0013_R+0019,14,11,0.17111664797974016,OK
E_CONTROL_UNADJUSTED,BJA25K_C+0013_R-0015,13,11,0.10394895837825022,OK
E_CONTROL_UNADJUSTED,BJA25K_C+0013_R-0016,13,11,0.1251235376828211,OK
E_CONTROL_UNADJUSTED,BJA25K_C+0013_R-0018,14,11,0.02468536171379519,OK
E_CONTROL_UNADJUSTED,BJA25K_C+0014_R-0017,13,11,0.14148918721393594,OK
E_CONTROL_UNADJUSTED,BJA25K_C+0015_R-0018,14,11,0.13684545830886363,OK
E_CONTROL_UNADJUSTED,BJA25K_C+0016_R-0018,14,11,0.1213588590635736,OK
E_CONTROL_UNADJUSTED,BJA25K_C-0010_R+0013,14,11,0.09074140365813313,OK
E_CONTROL_UNADJUSTED,BJA25K_C-0011_R+0015,14,11,0.12451835814675827,OK
E_CONTROL_UNADJUSTED,BJA25K_C-0011_R+0016,14,11,0.15400551938589163,OK
E_CONTROL_UNADJUSTED,BJA25K_C-0012_R+0018,14,11,0.11120537815601039,OK
E_CONTROL_UNADJUSTED,BJA25K_C-0012_R+0019,14,11,0.1447198332979296,OK
E_CONTROL_UNADJUSTED,BJA25K_C-0013_R+0019,14,11,0.11126293564468194,OK
