genus,evidence_class,analysis_class
Abrolophus,N0,non_ballooning
Acacesia,D1,ballooning
Aceria,N0,non_ballooning
Aculops,N0,non_ballooning
Agelenopsis,D2,ballooning
Allocosa,D3,ballooning
Allocyclosa,D4,excluded_D4
Alloptes,N0,non_ballooning
Allothrombium,N0,non_ballooning
Alopecosa,D2,ballooning
Ammotrechula,N0,non_ballooning
Androlaelaps,N0,non_ballooning
Anelosimus,D1,ballooning
Anuroctonus,N0,non_ballooning
Anyphaena,D1,ballooning
Aphonopelma,N0,non_ballooning
Aptostichus,N0,non_ballooning
Araneus,D1,ballooning
Araniella,D1,ballooning
Arctosa,D1,ballooning
Argiope,D1,ballooning
Ariadna,N0,non_ballooning
Ariamnes,D3,ballooning
Arrenurus,N0,non_ballooning
Artema,N0,non_ballooning
Asagena,D1,ballooning
Atractides,N0,non_ballooning
Attinella,D4,excluded_D4
Augustsonella,N0,non_ballooning
Badumna,D2,ballooning
Bajacalilena,D4,excluded_D4
Balaustium,N0,non_ballooning
Balmaceda,D3,ballooning
Bdellodes,N0,non_ballooning
Bioculus,N0,non_ballooning
Blabomma,D4,excluded_D4
Bothriocyrtum,N0,non_ballooning
Branchia,N0,non_ballooning
Caeculisoma,N0,non_ballooning
Califorctenus,N0,non_ballooning
Callidalena,D4,excluded_D4
Camptocosa,D4,excluded_D4
Castianeira,D2,ballooning
Centruroides,N0,non_ballooning
Cesonia,D1,ballooning
Chanbria,N0,non_ballooning
Chatia,N0,non_ballooning
Chaussieria,N0,non_ballooning
Cheiracanthium,D1,ballooning
Cinetomorpha,D4,excluded_D4
Citharoceps,N0,non_ballooning
Coelotes,D4,excluded_D4
Colonus,D4,excluded_D4
Creugas,D3,ballooning
Ctenacarus,N0,non_ballooning
Cupiennius,N0,non_ballooning
Curicaberis,N0,non_ballooning
Cyclosa,D2,ballooning
Dalquestia,N0,non_ballooning
Dendryphantes,D3,ballooning
Dermacentor,N0,non_ballooning
Dermadelema,N0,non_ballooning
Diaea,D1,ballooning
Dictis,N0,non_ballooning
Dictyna,D1,ballooning
Diguetia,N0,non_ballooning
Dinocheirus,N0,non_ballooning
Diomedacarus,N0,non_ballooning
Dolomedes,N0,non_ballooning
Drassodes,D3,ballooning
Drassyllus,D2,ballooning
Dysdera,D1,ballooning
Echinonyssus,N0,non_ballooning
Edricus,D4,excluded_D4
Eidmannella,D4,excluded_D4
Emblyna,D2,ballooning
Enemothrombium,N0,non_ballooning
Eremobates,N0,non_ballooning
Eremochelis,N0,non_ballooning
Eremocosta,N0,non_ballooning
Eremorhax,N0,non_ballooning
Eriophora,D2,ballooning
Erythracarus,N0,non_ballooning
Erythraeus,N0,non_ballooning
Escaphiella,D4,excluded_D4
Euagrus,N0,non_ballooning
Eucteniza,N0,non_ballooning
Euophrys,D4,excluded_D4
Eurybunus,N0,non_ballooning
Euschoengastia,N0,non_ballooning
Euschoengastoides,N0,non_ballooning
Eustala,D2,ballooning
Eutrombicula,N0,non_ballooning
Fessonia,N0,non_ballooning
Filistatoides,N0,non_ballooning
Frontinella,D2,ballooning
Fuscuropoda,N0,non_ballooning
Garypus,N0,non_ballooning
Gasteracantha,D4,excluded_D4
Geomylichus,N0,non_ballooning
Goffacarus,N0,non_ballooning
Habronattus,D2,ballooning
Hadruroides,N0,non_ballooning
Hadrurus,N0,non_ballooning
Haemaphysalis,N0,non_ballooning
Hamataliwa,D2,ballooning
Hannemania,N0,non_ballooning
Haplodrassus,D1,ballooning
Hasarius,D4,excluded_D4
Hentzia,D2,ballooning
Herpyllus,D2,ballooning
Heteropoda,N0,non_ballooning
Hexidionis,N0,non_ballooning
Hibana,D2,ballooning
Hogna,D2,ballooning
Holocnemus,N0,non_ballooning
Hololena,D4,excluded_D4
Homalonychus,N0,non_ballooning
Horribates,N0,non_ballooning
Hyadesia,N0,non_ballooning
Hydrodroma,N0,non_ballooning
Hydrozetes,N0,non_ballooning
Hyponeocula,N0,non_ballooning
Hysterochelifer,N0,non_ballooning
Isaloides,D3,ballooning
Ischyropoda,N0,non_ballooning
Kevonones,N0,non_ballooning
Kochius,N0,non_ballooning
Konetontli,N0,non_ballooning
Kukulcania,N0,non_ballooning
Larinia,D4,excluded_D4
Lasioerythraeus,N0,non_ballooning
Latrodectus,D1,ballooning
Leiobunum,N0,non_ballooning
Leptoctenus,D3,ballooning
Leptus,N0,non_ballooning
Leucauge,D2,ballooning
Leuronychus,N0,non_ballooning
Loxosceles,N0,non_ballooning
Lupettiana,D3,ballooning
Lutica,N0,non_ballooning
Lycosa,D4,excluded_D4
Lyssomanes,D3,ballooning
Maaykuyak,N0,non_ballooning
Mangora,D1,ballooning
Mastophora,D2,ballooning
Mecaphesa,D1,ballooning
Menemerus,D4,excluded_D4
Mesobates,N0,non_ballooning
Mesotritia,N0,non_ballooning
Messua,D4,excluded_D4
Metacyrba,D4,excluded_D4
Metaphidippus,D2,ballooning
Metepeira,D4,excluded_D4
Metopilio,N0,non_ballooning
Mexigonus,D4,excluded_D4
Micrathena,D2,ballooning
Microcaeculus,N0,non_ballooning
Mimetus,D1,ballooning
Misumena,D1,ballooning
Misumenoides,D2,ballooning
Misumenops,D1,ballooning
Mochloribatula,N0,non_ballooning
Nanorchestes,N0,non_ballooning
Neocarus,N0,non_ballooning
Neomolgus,N0,non_ballooning
Neoscona,D2,ballooning
Neotama,D4,excluded_D4
Neotrombicula,N0,non_ballooning
Neriene,D2,ballooning
Nesticodes,D1,ballooning
Nodocion,D4,excluded_D4
Nopsides,N0,non_ballooning
Nullibrotheas,N0,non_ballooning
Oecobius,D2,ballooning
Olios,N0,non_ballooning
Oonops,D1,ballooning
Orchestina,D4,excluded_D4
Ortholasma,N0,non_ballooning
Orthonops,N0,non_ballooning
Otobius,N0,non_ballooning
Otorhinophila,N0,non_ballooning
Oxyopes,D1,ballooning
Parachelifer,N0,non_ballooning
Parachernes,N0,non_ballooning
Paramarpissa,D3,ballooning
Paraphidippus,D4,excluded_D4
Parasitus,N0,non_ballooning
Parateneriffia,N0,non_ballooning
Paravaejovis,N0,non_ballooning
Pardosa,D1,ballooning
Paruroctonus,N0,non_ballooning
Passalozetes,N0,non_ballooning
Peckhamia,D3,ballooning
Pelegrina,D2,ballooning
Peucetia,D2,ballooning
Phanias,D3,ballooning
Phidippus,D1,ballooning
Philodromus,D1,ballooning
Philoponella,D4,excluded_D4
Pholcus,N0,non_ballooning
Phrynus,N0,non_ballooning
Phyllocoptes,N0,non_ballooning
Physocyclus,N0,non_ballooning
Platycryptus,D4,excluded_D4
Plectreurys,N0,non_ballooning
Plexippus,D4,excluded_D4
Prodidomus,D4,excluded_D4
Propelops,N0,non_ballooning
Protolophus,N0,non_ballooning
Pseudouroctonus,N0,non_ballooning
Psilochorus,N0,non_ballooning
Rualena,D4,excluded_D4
Salticus,D1,ballooning
Sassacus,D4,excluded_D4
Scapheremaeus,N0,non_ballooning
Scaphiella,D3,ballooning
Schizocosa,D2,ballooning
Scopoides,D4,excluded_D4
Scytodes,N0,non_ballooning
Selenops,N0,non_ballooning
Sergiolus,D2,ballooning
Serradigitus,N0,non_ballooning
Smeringurus,N0,non_ballooning
Socalchemmis,D4,excluded_D4
Solinus,N0,non_ballooning
Sperchon,N0,non_ballooning
Spinturnix,N0,non_ballooning
Stahnkeus,N0,non_ballooning
Steatoda,D1,ballooning
Steatonyssus,N0,non_ballooning
Superstitionia,N0,non_ballooning
Synageles,D3,ballooning
Syntropis,N0,non_ballooning
Syspira,D4,excluded_D4
Tarsonops,N0,non_ballooning
Tegenaria,D3,ballooning
Teneriffia,N0,non_ballooning
Tepoztlana,N0,non_ballooning
Terralonus,D3,ballooning
Tetragnatha,D1,ballooning
Tetranychus,D1,ballooning
Thanatus,D1,ballooning
Theridion,D1,ballooning
Thiodina,D3,ballooning
Tibellus,D2,ballooning
Tidarren,D2,ballooning
Tigrosa,D4,excluded_D4
Titanebo,D4,excluded_D4
Tmarus,D2,ballooning
Torrenticola,N0,non_ballooning
Trachelas,D2,ballooning
Trhypochthonius,N0,non_ballooning
Trichotrombidium,N0,non_ballooning
Tuckerella,N0,non_ballooning
Tyrophagus,N0,non_ballooning
Uloborus,D2,ballooning
Ummidia,D1,ballooning
Uroctonus,N0,non_ballooning
Vaejovis,N0,non_ballooning
Vejovoidus,N0,non_ballooning
Vizcaino,N0,non_ballooning
Xysticus,D1,ballooning
Yorima,D4,excluded_D4
Zelotes,D2,ballooning
Zimiris,D3,ballooning
Zorocrates,D4,excluded_D4
